ham	"I keep seeing weird shit and bein all ""woah"" then realising it's actually reasonable and I'm all ""oh"""
spam	YOU VE WON! Your 4* Costa Del Sol Holiday or £5000 await collection. Call 09050090044 Now toClaim. SAE, TC s, POBox334, Stockport, SK38xh, Cost£1.50/pm, Max10mins
spam	You won't believe it but it's true. It's Incredible Txts! Reply G now to learn truly amazing things that will blow your mind. From O2FWD only 18p/txt
spam	URGENT! You have won a 1 week FREE membership in our £100,000 Prize Jackpot! Txt the word: CLAIM to No: 81010 T&C www.dbuk.net LCCLTD POBOX 4403LDNW1A7RW18
ham	"The fact that you're cleaning shows you know why i'm upset. Your priority is constantly ""what i want to do,"" not ""what i need to do."""
spam	Get a brand new mobile phone by being an agent of The Mob! Plus loads more goodies! For more info just text MAT to 87021.
spam	Enjoy the jamster videosound gold club with your credits for 2 new videosounds+2 logos+musicnews! get more fun from jamster.co.uk! 16+only Help? call: 09701213186 
ham	Eh den sat u book e kb liao huh...
spam	If you don't, your prize will go to another customer. T&C at www.t-c.biz 18+ 150p/min Polo Ltd Suite 373 London W1J 6HL Please call back if busy
ham	I cant pick the phone right now. Pls send a message
spam	BangBabes Ur order is on the way. U SHOULD receive a Service Msg 2 download UR content. If U do not, GoTo wap. bangb. tv on UR mobile internet/service menu
ham	He's in lag. That's just the sad part but we keep in touch thanks to skype
spam	Orange brings you ringtones from all time Chart Heroes, with a free hit each week! Go to Ringtones & Pics on wap. To stop receiving these tips reply STOP.
spam	3 FREE TAROT TEXTS! Find out about your love life now! TRY 3 FOR FREE! Text CHANCE to 85555 16 only! After 3 Free, Msgs £1.50 each
spam	You are being contacted by our Dating Service by someone you know! To find out who it is, call from your mobile or landline 09064017305 PoBox75LDNS7 
spam	Freemsg: 1-month unlimited free calls! Activate SmartCall Txt: CALL to No: 68866. Subscriptn3gbp/wk unlimited calls Help: 08448714184 Stop?txt stop landlineonly
ham	Customer place i will call you
spam	Final Chance! Claim ur £150 worth of discount vouchers today! Text YES to 85023 now! SavaMob, member offers mobile! T Cs SavaMob POBOX84, M263UZ. £3.00 Subs 16
spam	Shop till u Drop, IS IT YOU, either 10K, 5K, £500 Cash or £100 Travel voucher, Call now, 09064011000. NTT PO Box CR01327BT fixedline Cost 150ppm mobile vary
ham	I accidentally brought em home in the box
ham	I'm in solihull, | do you want anything?
ham	No. Yes please. Been swimming?
ham	Great. P diddy is my neighbor and comes for toothpaste every morning
ham	I'm a guy, browsin is compulsory
ham	Hey anyway i have to :-)
ham	I've been barred from all B and Q stores for life!?This twat in orange dungerees came up to me and asked if I wanted decking? So I got the first punch in!!
ham	I liked your new house
spam	URGENT! Your mobile No 07xxxxxxxxx won a £2,000 bonus caller prize on 02/06/03! this is the 2nd attempt to reach YOU! call 09066362231 ASAP! BOX97N7QP, 150PPM
spam	3. You have received your mobile content. Enjoy
spam	Todays Voda numbers ending with 7634 are selected to receive a £350 reward. If you have a match please call 08712300220 quoting claim code 7684 standard rates apply.
ham	No my blankets are sufficient, thx
ham	Hey... What time is your driving on fri? We go for evaluation on fri?
spam	Mila, age23, blonde, new in UK. I look sex with UK guys. if u like fun with me. Text MTALK to 69866.18 . 30pp/txt 1st 5free. £1.50 increments. Help08718728876
ham	If i start sending blackberry torch to nigeria will you find buyer for me?like 4a month. And tell dad not to buy bb from anyone oh.
ham	Dear i have reache room
ham	Did you get any gift? This year i didnt get anything. So bad
spam	XMAS Prize draws! We are trying to contact U. Todays draw shows that you have won a £2000 prize GUARANTEED. Call 09058094565 from land line. Valid 12hrs only
ham	Sorry, I'll call you  later. I am in meeting sir.
spam	No. 1 Nokia Tone 4 ur mob every week! Just txt NOK to 87021. 1st Tone FREE ! so get txtin now and tell ur friends. 150p/tone. 16 reply HL 4info
ham	Jokin only lar... :-) depends on which phone my father can get lor...
ham	I love to give massages. I use lots of baby oil... What is your fave position?
ham	Headin towards busetop
ham	Awesome, plan to get here any time after like  &lt;#&gt; , I'll text you details in a wee bit
spam	Do you want a New Nokia 3510i colour phone DeliveredTomorrow? With 300 free minutes to any mobile + 100 free texts + Free Camcorder reply or call 08000930705.
ham	You've already got a flaky parent. It'snot supposed to be the child's job to support the parent...not until they're The Ride age anyway. I'm supposed to be there to support you. And now i've hurt you. unintentional. But hurt nonetheless.
ham	Arngd marriage is while u r walkin unfortuntly a snake bites u. bt love marriage is dancing in frnt of d snake &amp; sayin Bite me, bite me.
spam	PRIVATE! Your 2003 Account Statement for shows 800 un-redeemed S.I.M. points. Call 08718738001 Identifier Code: 49557 Expires 26/11/04
spam	This is the 2nd time we have tried 2 contact u. U have won the 750 Pound prize. 2 claim is easy, call 08718726970 NOW! Only 10p per min. BT-national-rate 
ham	I absolutely LOVE South Park! I only recently started watching the office.
spam	Dear U've been invited to XCHAT. This is our final attempt to contact u! Txt CHAT to 86688
ham	Ummma.will call after check in.our life will begin from qatar so pls pray very hard.
spam	Babe: U want me dont u baby! Im nasty and have a thing 4 filthyguys. Fancy a rude time with a sexy bitch. How about we go slo n hard! Txt XXX SLO(4msgs)
ham	This girl does not stay in bed. This girl doesn't need recovery time. Id rather pass out while having fun then be cooped up in bed
ham	Hi, Mobile no.  &lt;#&gt;  has added you in their contact list on www.fullonsms.com It s a great place to send free sms to people For more visit fullonsms.com
ham	There the size of elephant tablets & u shove um up ur ass!!
ham	Lol ... I really need to remember to eat when I'm drinking but I do appreciate you keeping me company that night babe *smiles*
spam	Free entry in 2 a weekly comp for a chance to win an ipod. Txt POD to 80182 to get entry (std txt rate) T&C's apply 08452810073 for details 18+
ham	Hello, my love! How goes that day ? I wish your well and fine babe and hope that you find some job prospects. I miss you, boytoy ... *a teasing kiss*
ham	Ok. No wahala. Just remember that a friend in need ...
spam	Wan2 win a Meet+Greet with Westlife 4 U or a m8? They are currently on what tour? 1)Unbreakable, 2)Untamed, 3)Unkempt. Text 1,2 or 3 to 83049. Cost 50p +std text
ham	Thinking of u ;) x
ham	Cuz ibored. And don wanna study
ham	Also hi wesley how've you been
ham	Lol wtf random. Btw is that your lunch break
spam	Last Chance! Claim ur £150 worth of discount vouchers today! Text SHOP to 85023 now! SavaMob, offers mobile! T Cs SavaMob POBOX84, M263UZ. £3.00 Sub. 16
spam	Urgent UR awarded a complimentary trip to EuroDisinc Trav, Aco&Entry41 Or £1000. To claim txt DIS to 87121 18+6*£1.50(moreFrmMob. ShrAcomOrSglSuplt)10, LS1 3AJ
spam	09066362231 URGENT! Your mobile No 07xxxxxxxxx won a £2,000 bonus caller prize on 02/06/03! this is the 2nd attempt to reach YOU! call 09066362231 ASAP!
spam	U are subscribed to the best Mobile Content Service in the UK for £3 per ten days until you send STOP to 83435. Helpline 08706091795.
ham	Oic cos me n my sis got no lunch today my dad went out... So dunno whether 2 eat in sch or wat...
ham	When u love someone Dont make them to love u as much as u do. But Love them so much that they dont want to be loved by anyone except you... Gud nit.
ham	Ok lor. Anyway i thk we cant get tickets now cos like quite late already. U wan 2 go look 4 ur frens a not? Darren is wif them now...
ham	All these nice new shirts and the only thing I can wear them to is nudist themed ;_; you in mu?
ham	Been running but only managed 5 minutes and then needed oxygen! Might have to resort to the roller option!
spam	Get the official ENGLAND poly ringtone or colour flag on yer mobile for tonights game! Text TONE or FLAG to 84199. Optout txt ENG STOP Box39822 W111WX £1.50
ham	K..k..any special today?
ham	Is avatar supposed to have subtoitles
spam	Sorry! U can not unsubscribe yet. THE MOB offer package has a min term of 54 weeks> pls resubmit request after expiry. Reply THEMOB HELP 4 more info
ham	Nokia phone is lovly..
ham	Hey... Why dont we just go watch x men and have lunch... Haha 
ham	I liked the new mobile
spam	URGENT! Your Mobile number has been awarded with a £2000 prize GUARANTEED. Call 09058094455 from land line. Claim 3030. Valid 12hrs only
ham	U really pig leh sleep so much. My dad wake me up at 10 smth 2 eat lunch today.
ham	Sorry, I'll call later
ham	WHO ARE YOU SEEING?
ham	My friends use to call the same.
ham	Webpage s not available!
spam	IMPORTANT INFORMATION 4 ORANGE USER 0796XXXXXX. TODAY IS UR LUCKY DAY!2 FIND OUT WHY LOG ONTO http://www.urawinner.com THERE'S A FANTASTIC PRIZEAWAITING YOU!
spam	This is the 2nd time we have tried 2 contact u. U have won the 750 Pound prize. 2 claim is easy, call 08712101358 NOW! Only 10p per min. BT-national-rate
spam	Urgent! Please call 09061743811 from landline. Your ABTA complimentary 4* Tenerife Holiday or £5000 cash await collection SAE T&Cs Box 326 CW25WX 150ppm
ham	Wat time u finish ur lect today?
ham	I can't keep going through this. It was never my intention to run you out, but if you choose to do that rather than keep the room clean so *I* don't have to say no to visitors, then maybe that's the best choice. Yes, I wanted you to be embarassed, so maybe you'd feel for once how I feel when i have a friend who wants to drop buy and i have to say no, as happened this morning. I've tried everything. I don't know what else to do.
ham	And do you have any one that can teach me how to ship cars.
ham	By monday next week. Give me the full gist
ham	Aight, I'll hit you up when I get some cash
spam	Hey Boys. Want hot XXX pics sent direct 2 ur phone? Txt PORN to 69855, 24Hrs free and then just 50p per day. To stop text STOPBCM SF WC1N3XX
ham	I cant pick the phone right now. Pls send a message
spam	Someone has contacted our dating service and entered your phone becausethey fancy you! To find out who it is call from a landline 09058098002. PoBox1, W14RG 150p
ham	I am in office:)whats the matter..msg me now.i will call you at break:).
ham	Its a part of checking IQ
spam	sexy sexy cum and text me im wet and warm and ready for some porn! u up for some fun? THIS MSG IS FREE RECD MSGS 150P INC VAT 2 CANCEL TEXT STOP
spam	For ur chance to win a £250 wkly shopping spree TXT: SHOP to 80878. T's&C's www.txt-2-shop.com custcare 08715705022, 1x150p/wk
ham	Just wondering, the others just took off
spam	Congratulations! Thanks to a good friend U have WON the £2,000 Xmas prize. 2 claim is easy, just call 08718726978 NOW! Only 10p per minute. BT-national-rate
ham	Yup next stop.
spam	You have won ?1,000 cash or a ?2,000 prize! To claim, call09050000327
spam	Bloomberg -Message center +447797706009 Why wait? Apply for your future http://careers. bloomberg.com
ham	Any way where are you and what doing.
spam	FROM 88066 LOST £12 HELP
ham	Hey come online! Use msn... We are all there
spam	Wanna have a laugh? Try CHIT-CHAT on your mobile now! Logon by txting the word: CHAT and send it to No: 8883 CM PO Box 4217 London W1A 6ZF 16+ 118p/msg rcvd
ham	I thk ü gotta go home by urself. Cos i'll b going out shopping 4 my frens present. 
spam	Sunshine Quiz Wkly Q! Win a top Sony DVD player if u know which country Liverpool played in mid week? Txt ansr to 82277. £1.50 SP:Tyrone
spam	As a valued customer, I am pleased to advise you that following recent review of your Mob No. you are awarded with a £1500 Bonus Prize, call 09066364589
spam	As a SIM subscriber, you are selected to receive a Bonus! Get it delivered to your door, Txt the word OK to No: 88600 to claim. 150p/msg, EXP. 30Apr
ham	I cant pick the phone right now. Pls send a message
ham	I thk 530 lor. But dunno can get tickets a not. Wat u doing now?
ham	At 7 we will go ok na.
spam	Welcome! Please reply with your AGE and GENDER to begin. e.g 24M
ham	Sorry, I'll call later
ham	Yup i'm still having coffee wif my frens... My fren drove she'll give me a lift...
spam	Urgent! Please call 09061213237 from a landline. £5000 cash or a 4* holiday await collection. T &Cs SAE PO Box 177 M227XY. 16+
ham	G says you never answer your texts, confirm/deny
spam	Please call our customer service representative on FREEPHONE 0808 145 4742 between 9am-11pm as you have WON a guaranteed £1000 cash or £5000 prize!
ham	Haha, my friend tyler literally just asked if you could get him a dubsack
ham	Sweetheart, hope you are not having that kind of day! Have one with loads of reasons to smile. Biola
ham	I jus hope its true that  missin me cos i'm really missin him! You haven't done anything to feel guilty about, yet.
ham	Do you know why god created gap between your fingers..? So that, One who is made for you comes &amp; fills those gaps by holding your hand with LOVE..!
ham	Oh yeah I forgot. U can only take 2 out shopping at once.
spam	Got what it takes 2 take part in the WRC Rally in Oz? U can with Lucozade Energy! Text RALLY LE to 61200 (25p), see packs or lucozade.co.uk/wrc & itcould be u!
spam	Please CALL 08712402972 immediately as there is an urgent message waiting for you
ham	No no. I will check all rooms befor activities
spam	WIN: We have a winner! Mr. T. Foley won an iPod! More exciting prizes soon, so keep an eye on ur mobile or visit www.win-82050.co.uk
ham	Nobody can decide where to eat and dad wants Chinese
spam	Well done ENGLAND! Get the official poly ringtone or colour flag on yer mobile! text TONE or FLAG to 84199 NOW! Opt-out txt ENG STOP. Box39822 W111WX £1.50
ham	Sorry sir, i will call you tomorrow.  senthil.hsbc
ham	Where's mummy's boy ? Is he being good or bad ? Is he being positive or negative ? Why is mummy being made to wait? Hmmmm?
ham	Okey doke. I'm at home, but not dressed cos laying around ill! Speak to you later bout times and stuff. 
ham	I'll text now! All creepy like so he won't think that we forgot
ham	Talk to g and x about that
ham	Got hella gas money, want to go on a grand nature adventure with galileo in a little bit?
ham	No, I was trying it all weekend ;V
ham	You aren't coming home between class, right? I need to work out and shower!
spam	Hi 07734396839 IBH Customer Loyalty Offer: The NEW NOKIA6600 Mobile from ONLY £10 at TXTAUCTION!Txt word:START to No:81151 & get Yours Now!4T&
ham	Now only i reached home. . . I am very tired now. . I will come tomorro
spam	Please call our customer service representative on 0800 169 6031 between 10am-9pm as you have WON a guaranteed £1000 cash or £5000 prize!
spam	WIN: We have a winner! Mr. T. Foley won an iPod! More exciting prizes soon, so keep an eye on ur mobile or visit www.win-82050.co.uk
spam	Someone U know has asked our dating service 2 contact you! Cant Guess who? CALL 09058097189 NOW all will be revealed. POBox 6, LS15HB 150p 
ham	Oooh bed ridden ey? What are YOU thinking of?
spam	Santa calling! Would your little ones like a call from Santa Xmas Eve? Call 09077818151 to book you time. Calls1.50ppm last 3mins 30s T&C www.santacalling.com
ham	Whatever, juliana. Do whatever you want.
spam	PRIVATE! Your 2003 Account Statement for 07815296484 shows 800 un-redeemed S.I.M. points. Call 08718738001 Identifier Code 41782 Expires 18/11/04 
ham	Can you let me know details of fri when u find out cos I'm not in tom or fri. mentionned chinese. Thanks
spam	"Your free ringtone is waiting to be collected. Simply text the password ""MIX"" to 85069 to verify. Get Usher and Britney. FML, PO Box 5249, MK17 92H. 450Ppw 16"
ham	Yes..gauti and sehwag out of odi series.
spam	You have WON a guaranteed £1000 cash or a £2000 prize. To claim yr prize call our customer service representative on 08714712379 between 10am-7pm Cost 10p
ham	Up to ü... Ü wan come then come lor... But i din c any stripes skirt...
ham	Crucify is c not s. You should have told me earlier.
spam	PRIVATE! Your 2003 Account Statement for 07753741225 shows 800 un-redeemed S. I. M. points. Call 08715203677 Identifier Code: 42478 Expires 24/10/04
ham	You still coming tonight?
spam	YOUR CHANCE TO BE ON A REALITY FANTASY SHOW call now = 08707509020 Just 20p per min NTT Ltd, PO Box 1327 Croydon CR9 5WB 0870 is a national = rate call.
ham	I'm home, my love ... If your still awake ... *loving kiss*
spam	FREE2DAY sexy St George's Day pic of Jordan!Txt PIC to 89080 dont miss out, then every wk a saucy celeb!4 more pics c PocketBabe.co.uk 0870241182716 £3/wk
spam	You have 1 new message. Call 0207-083-6089
spam	Do you want a New Nokia 3510i Colour Phone Delivered Tomorrow? With 200 FREE minutes to any mobile + 100 FREE text + FREE camcorder Reply or Call 08000930705
spam	lyricalladie(21/F) is inviting you to be her friend. Reply YES-910 or NO-910. See her: www.SMS.ac/u/hmmross STOP? Send STOP FRND to 62468
spam	LookAtMe!: Thanks for your purchase of a video clip from LookAtMe!, you've been charged 35p. Think you can do better? Why not send a video in a MMSto 32323.
ham	Good good, billy mates all gone. Just been jogging, again! Did enjoy concert?
spam	Want 2 get laid tonight? Want real Dogging locations sent direct 2 ur mob? Join the UK's largest Dogging Network bt Txting GRAVEL to 69888! Nt. ec2a. 31p.msg@150p
ham	Hi:)cts employee how are you?
ham	"Wow. I never realized that you were so embarassed by your accomodations. I thought you liked it, since i was doing the best i could and you always seemed so happy about ""the cave"". I'm sorry I didn't and don't have more to give. I'm sorry i offered. I'm sorry your room was so embarassing."
ham	ALRITE
ham	She's fine. Good to hear from you. How are you my dear? Happy new year oh.
ham	Wn u r hurt by d prsn who s close 2 u, do fight wit dem. Coz somtimes dis fight saves a relation bt being quiet leaves nothin in a relation.. Gud eveB-)
spam	FreeMsg Today's the day if you are ready! I'm horny & live in your town. I love sex fun & games! Netcollex Ltd 08700621170150p per msg reply Stop to end
ham	No. I dont want to hear anything
ham	"Single line with a big meaning::::: ""Miss anything 4 ur ""Best Life"" but, don't miss ur best life for anything... Gud nyt..."
ham	Hi Harish's rent has been transfred to ur Acnt.
ham	Hey elaine, is today's meeting still on?
spam	You are a winner U have been specially selected 2 receive £1000 or a 4* holiday (flights inc) speak to a live operator 2 claim 0871277810910p/min (18+) 
spam	ou are guaranteed the latest Nokia Phone, a 40GB iPod MP3 player or a £500 prize! Txt word: COLLECT to No: 83355! IBHltd LdnW15H 150p/Mtmsgrcvd18
ham	So how many days since then?
spam	Get your garden ready for summer with a FREE selection of summer bulbs and seeds worth £33:50 only with The Scotsman this Saturday. To stop go2 notxt.co.uk
ham	Heart is empty without love.. Mind is empty without wisdom.. Eyes r empty without dreams &amp; Life is empty without frnds.. So Alwys Be In Touch. Good night &amp; sweet dreams
ham	How are you, my Love ? Are you with your brother ? Time to talk english with him ? *grins* Say : Hey Muhommad, Penny says hello from across the sea
spam	Urgent! Please call 09061213237 from landline. £5000 cash or a luxury 4* Canary Islands Holiday await collection. T&Cs SAE PO Box 177. M227XY. 150ppm. 16+
ham	Thanks for this hope you had a good day today
ham	... Are you in the pub?
ham	Nope... C ü then...
spam	Back 2 work 2morro half term over! Can U C me 2nite 4 some sexy passion B4 I have 2 go back? Chat NOW 09099726481 Luv DENA Calls £1/minMobsmoreLKPOBOX177HP51FL
spam	SMS. ac Blind Date 4U!: Rodds1 is 21/m from Aberdeen, United Kingdom. Check Him out http://img. sms. ac/W/icmb3cktz8r7!-4 no Blind Dates send HIDE
spam	U are subscribed to the best Mobile Content Service in the UK for £3 per 10 days until you send STOP to 82324. Helpline 08706091795
spam	URGENT! Your Mobile number has been awarded with a £2000 prize GUARANTEED. Call 09061790121 from land line. Claim 3030. Valid 12hrs only 150ppm
spam	FREE for 1st week! No1 Nokia tone 4 ur mobile every week just txt NOKIA to 8077 Get txting and tell ur mates. www.getzed.co.uk POBox 36504 W45WQ 16+ norm150p/tone
ham	Oh. U must have taken your REAL Valentine out shopping first.
ham	This is my number by vivek..
ham	Ok. I asked for money how far
ham	Good. Good job. I like entrepreneurs
ham	Is that seriously how you spell his name?
spam	pdate_Now - Double mins and 1000 txts on Orange tariffs. Latest Motorola, SonyEricsson & Nokia & Bluetooth FREE! Call MobileUpd8 on 08000839402 or call2optout/!YHL
ham	Yo dude guess who just got arrested the other day
ham	Yeah he got in at 2 and was v apologetic. n had fallen out and she was actin like spoilt child and he got caught up in that. Till 2! But we won't go there! Not doing too badly cheers. You? 
ham	sorry, no, have got few things to do. may be in pub later.
spam	Call Germany for only 1 pence per minute! Call from a fixed line via access number 0844 861 85 85. No prepayment. Direct access! www.telediscount.co.uk
ham	Yes obviously, but you are the eggs-pert and the potato head… Speak soon! 
spam	Latest News! Police station toilet stolen, cops have nothing to go on!
ham	Where are you ? What do you do ? How can you stand to be away from me ? Doesn't your heart ache without me ? Don't you wonder of me ? Don't you crave me ?
ham	Here got lots of hair dresser fr china.
spam	85233 FREE>Ringtone!Reply REAL
ham	So when do you wanna gym?
spam	CLAIRE here am havin borin time & am now alone U wanna cum over 2nite? Chat now 09099725823 hope 2 C U Luv CLAIRE xx Calls£1/minmoremobsEMSPOBox45PO139WA
ham	Stupid.its not possible
ham	Da my birthdate in certificate is in april but real date is today. But dont publish it. I shall give you a special treat if you keep the secret. Any way thanks for the wishes
spam	Urgent! Please call 09061743810 from landline. Your ABTA complimentary 4* Tenerife Holiday or #5000 cash await collection SAE T&Cs Box 326 CW25WX 150 ppm
spam	1000's of girls many local 2 u who r virgins 2 this & r ready 2 4fil ur every sexual need. Can u 4fil theirs? text CUTE to 69911(£1.50p. m)
spam	SMS AUCTION - A BRAND NEW Nokia 7250 is up 4 auction today! Auction is FREE 2 join & take part! Txt NOKIA to 86021 now! HG/Suite342/2Lands Row/W1J6HL
ham	Hurry up, I've been weed-deficient for like three days
spam	As a valued customer, I am pleased to advise you that following recent review of your Mob No. you are awarded with a £1500 Bonus Prize, call 09066364589
ham	Send his number and give reply tomorrow morning for why you said that to him like that ok
spam	Reply to win £100 weekly! Where will the 2006 FIFA World Cup be held? Send STOP to 87239 to end service
spam	Free entry to the gr8prizes wkly comp 4 a chance to win the latest Nokia 8800, PSP or £250 cash every wk.TXT GREAT to 80878 http//www.gr8prizes.com 08715705022
ham	Oh k.k..where did you take test?
spam	YOU 07801543489 are guaranteed the latests Nokia Phone, a 40GB iPod MP3 player or a £500 prize! Txt word:COLLECT to No:83355! TC-LLC NY-USA 150p/Mt msgrcvd18+
spam	all the lastest from Stereophonics, Marley, Dizzee Racal, Libertines and The Strokes! Win Nookii games with Flirt!! Click TheMob WAP Bookmark or text WAP to 82468
ham	Hey ! I want you ! I crave you ! I miss you ! I need you ! I love you, Ahmad Saeed al Hallaq ...
spam	PRIVATE! Your 2003 Account Statement for shows 800 un-redeemed S. I. M. points. Call 08715203694 Identifier Code: 40533 Expires 31/10/04
ham	Sorry that took so long, omw now
ham	Aiya we discuss later lar... Pick ü up at 4 is it?
ham	I cant pick the phone right now. Pls send a message
spam	Panasonic & BluetoothHdset FREE. Nokia FREE. Motorola FREE & DoubleMins & DoubleTxt on Orange contract. Call MobileUpd8 on 08000839402 or call 2optout
ham	Where you. What happen
ham	I am going to sleep. I am tired of travel.
spam	+123 Congratulations - in this week's competition draw u have won the £1450 prize to claim just call 09050002311 b4280703. T&Cs/stop SMS 08718727868. Over 18 only 150ppm
ham	Oh Howda gud gud.. Mathe en samachara chikku:-)
ham	Sorry me going home first... Daddy come fetch ü later...
ham	LOL ... No just was busy
ham	Damn, can you make it tonight or do you want to just wait til tomorrow
ham	"Do 1 thing! Change that sentence into: ""Because i want 2 concentrate in my educational career im leaving here.."""
spam	U have a secret admirer. REVEAL who thinks U R So special. Call 09065174042. To opt out Reply REVEAL STOP. 1.50 per msg recd. Cust care 07821230901
ham	Oh yah... We never cancel leh... Haha 
ham	Got fujitsu, ibm, hp, toshiba... Got a lot of model how to say...
ham	I thk 50 shd be ok he said plus minus 10.. Did ü leave a line in between paragraphs?
ham	Ü bot notes oredi... Cos i juz rem i got...
ham	R u in this continent?
spam	U have a Secret Admirer who is looking 2 make contact with U-find out who they R*reveal who thinks UR so special-call on 09065171142-stopsms-08
ham	Pls help me tell Ashley that i cant find her number oh
ham	I will come tomorrow di
ham	Dont know supports ass and srt i thnk. I think ps3 can play through usb too
ham	Sir, good morning. Hope you had a good weekend. I called to let you know that i was able to raise  &lt;#&gt;  from my dad. He however said he would make the rest available by mid feb. This amount is still quite short and i was hoping you would help. Do have a good day. Abiola
ham	His bday real is in april .
ham	My Parents, My Kidz, My Friends n My Colleagues. All screaming.. SURPRISE !! and I was waiting on the sofa.. ... ..... ' NAKED...!
ham	How long does applebees fucking take
spam	We tried to contact you re your reply to our offer of a Video Handset? 750 anytime networks mins? UNLIMITED TEXT? Camcorder? Reply or call 08000930705 NOW
spam	You are being contacted by our dating service by someone you know! To find out who it is, call from a land line 09050000928. PoBox45W2TG150P
spam	Dear U've been invited to XCHAT. This is our final attempt to contact u! Txt CHAT to 86688 150p/MsgrcvdHG/Suite342/2Lands/Row/W1J6HL LDN 18 yrs
ham	You are right. Meanwhile how's project twins comin up
ham	How was txting and driving
ham	Hello-/@drivby-:0quit edrunk sorry iff pthis makes no senrd-dnot no how ^ dancce 2 drum n basq!ihave fun 2nhite x ros xxxxxxx
spam	Dear Voucher Holder, To claim this weeks offer, at you PC please go to http://www.e-tlp.co.uk/expressoffer Ts&Cs apply. To stop texts, txt STOP to 80062
spam	Spook up your mob with a Halloween collection of a logo & pic message plus a free eerie tone, txt CARD SPOOK to 8007 zed 08701417012150p per logo/pic
ham	Aight ill get on fb in a couple minutes
spam	Do you want a New Nokia 3510i Colour Phone Delivered Tomorrow? With 200 FREE minutes to any mobile + 100 FREE text + FREE camcorder Reply or Call 8000930705
ham	I dont have any of your file in my bag..i was in work when you called me.i 'll tell you if i find anything in my room.
ham	Watching telugu movie..wat abt u?
ham	I'm home.
ham	Hey r ü still online? I've finished the formatting...
spam	You are a £1000 winner or Guaranteed Caller Prize, this is our Final attempt to contact you! To Claim Call 09071517866 Now! 150ppmPOBox10183BhamB64XE
spam	Sppok up ur mob with a Halloween collection of nokia logo&pic message plus a FREE eerie tone, txt CARD SPOOK to 8007
ham	Tell them the drug dealer's getting impatient
spam	Hi babe its Jordan, how r u? Im home from abroad and lonely, text me back if u wanna chat xxSP visionsms.com Text stop to stopCost 150p 08712400603
ham	Derp. Which is worse, a dude who always wants to party or a dude who files a complaint about the three drug abusers he lives with
ham	Omg if its not one thing its another. My cat has worms :/ when does this bad day end?
ham	Cool, text me when you're ready
spam	Call 09094100151 to use ur mins! Calls cast 10p/min (mob vary). Service provided by AOM, just GBP5/month. AOM Box61,M60 1ER until u stop. Ages 18+ only!
ham	I jokin oni lar.. Ü busy then i wun disturb ü.
ham	I'm job profile seems like bpo..
ham	Sorry about that this is my mates phone and i didnt write it love Kate
ham	Only 2% students solved this CAT question in 'xam... 5+3+2= &lt;#&gt;  9+2+4= &lt;#&gt;  8+6+3= &lt;#&gt;  then 7+2+5=????? Tell me the answer if u r brilliant...1thing.i got d answr.
spam	Ur cash-balance is currently 500 pounds - to maximize ur cash-in now send GO to 86688 only 150p/msg. CC: 08718720201 PO BOX 114/14 TCR/W1
ham	Sorry da. I gone mad so many pending works what to do.
spam	URGENT! We are trying to contact you. Last weekends draw shows that you have won a £900 prize GUARANTEED. Call 09061701851. Claim code K61. Valid 12hours only
ham	Like  &lt;#&gt; , same question
spam	Xmas Offer! Latest Motorola, SonyEricsson & Nokia & FREE Bluetooth or DVD! Double Mins & 1000 Txt on Orange. Call MobileUpd8 on 08000839402 or call2optout/4QF2
ham	Hey i will be really pretty late... You want to go for the lesson first? I will join you. I'm only reaching tp mrt
ham	Anyway I don't think I can secure anything up here, lemme know if you want me to drive down south and chill
ham	Dude u knw also telugu..thts gud..k, gud nyt..
spam	Natalja (25/F) is inviting you to be her friend. Reply YES-440 or NO-440 See her: www.SMS.ac/u/nat27081980 STOP? Send STOP FRND to 62468
ham	Erm … ill pick you up at about 6.45pm. That'll give enough time to get there, park and that.
ham	Lmao!nice 1
ham	I'm at bruce &amp; fowler now but I'm in my mom's car so I can't park (long story)
spam	Please call Amanda with regard to renewing or upgrading your current T-Mobile handset free of charge. Offer ends today. Tel 0845 021 3680 subject to T's and C's
spam	This is the 2nd time we have tried 2 contact u. U have won the £750 Pound prize. 2 claim is easy, call 087187272008 NOW1! Only 10p per minute. BT-national-rate.
spam	cmon babe, make me horny, *turn* me on! Txt me your fantasy now babe -) Im hot, sticky and need you now. All replies cost £1.50. 2 cancel send STOP
ham	Check mail.i have mailed varma and kept copy to you regarding membership.take care.insha allah.
ham	Otherwise had part time job na-tuition..
ham	LMAO where's your fish memory when I need it?
ham	U sick still can go shopping?
spam	Customer service announcement. We recently tried to make a delivery to you but were unable to do so, please call 07090298926 to re-schedule. Ref:9307622
ham	Ok.
ham	Slaaaaave ! Where are you ? Must I summon you to me all the time now ? Don't you wish to come to me on your own anymore?
ham	Looks like you found something to do other than smoke, great job!
ham	Petey boy whereare you me and all your friendsare in theKingshead come down if you canlove Nic
ham	"Gumby's has a special where a  &lt;#&gt; "" cheese pizza is $2 so I know what we're doin tonight"
ham	Hi! You just spoke to MANEESHA V. We'd like to know if you were satisfied with the experience. Reply Toll Free with Yes or No.
ham	Yo you around? A friend of mine's lookin to pick up later tonight
spam	Double mins and txts 4 6months FREE Bluetooth on Orange. Available on Sony, Nokia Motorola phones. Call MobileUpd8 on 08000839402 or call2optout/N9DX
spam	100 dating service cal;l 09064012103 box334sk38ch
ham	Hi. Happy New Year. I dont mean to intrude but can you pls let me know how much tuition you paid last semester and how much this semester is. Thanks
ham	Yeah imma come over cause jay wants to do some drugs
spam	money!!! you r a lucky winner ! 2 claim your prize text money 2 88600 over £1million to give away ! ppt150x3+normal text rate box403 w1t1jy
ham	Are you this much buzy
ham	So what about you. What do you remember
ham	Well keep in mind I've only got enough gas for one more round trip barring a sudden influx of cash
ham	Good Morning plz call me sir
spam	Congratulations ur awarded either £500 of CD gift vouchers & Free entry 2 our £100 weekly draw txt MUSIC to 87066 TnCs www.Ldew.com1win150ppmx3age16
ham	You will be in the place of that man
ham	Dont give a monkeys wot they think and i certainly don't mind. Any friend of mine&all that! Just don't sleep wiv , that wud be annoyin!
ham	The beauty of life is in next second.. which hides thousands of secrets. I wish every second will be wonderful in ur life...!! gud n8
ham	Aight, sounds good. When do you want me to come down?
spam	Bears Pic Nick, and Tom, Pete and ... Dick. In fact, all types try gay chat with photo upload call 08718730666 (10p/min). 2 stop texts call 08712460324
ham	Your dad is back in ph?
ham	Yes..but they said its IT.,
ham	"Short But Cute: ""Be a good person, but dont try to prove it.."" .Gud noon...."
ham	Huh but i cant go 2 ur house empty handed right?
spam	You are being ripped off! Get your mobile content from www.clubmoby.com call 08717509990 poly/true/Pix/Ringtones/Games six downloads for only 3
spam	PRIVATE! Your 2004 Account Statement for 07742676969 shows 786 unredeemed Bonus Points. To claim call 08719180248 Identifier Code: 45239 Expires
ham	Okay but i thought you were the expert
ham	Great! How is the office today?
ham	Once free call me sir.
spam	Gr8 new service - live sex video chat on your mob - see the sexiest dirtiest girls live on ur phone - 4 details text horny to 89070 to cancel send STOP to 89070
ham	Hi. || Do u want | to join me with sts later? || Meeting them at five. || Call u after class.
spam	U have a Secret Admirer who is looking 2 make contact with U-find out who they R*reveal who thinks UR so special-call on 09065171142-stopsms-08718727870150ppm
ham	No need for the drug anymore.
spam	Wanna get laid 2nite? Want real Dogging locations sent direct to ur mobile? Join the UK's largest Dogging Network. Txt PARK to 69696 now! Nyt. ec2a. 3lp £1.50/msg
spam	Eerie Nokia tones 4u, rply TONE TITLE to 8007 eg TONE DRACULA to 8007 Titles: GHOST, ADDAMSFA, MUNSTERS, EXORCIST, TWILIGHT www.getzed.co.uk POBox36504W45WQ 150p
ham	If i not meeting ü all rite then i'll go home lor. If ü dun feel like comin it's ok.
ham	I dont understand your message.
spam	FreeMsg: Hey - I'm Buffy. 25 and love to satisfy men. Home alone feeling randy. Reply 2 C my PIX! QlynnBV Help08700621170150p a msg Send stop to stop txts
ham	I'm coming home 4 dinner.
spam	You have an important customer service announcement. Call FREEPHONE 0800 542 0825 now!
ham	I wanted to ask ü to wait 4 me to finish lect. Cos my lect finishes in an hour anyway.
ham	Probably money worries. Things are coming due and i have several outstanding invoices for work i did two and three months ago.
ham	Sorry, I'll call later in meeting
ham	Let there be snow. Let there be snow. This kind of weather brings ppl together so friendships can grow.
ham	Ladies first and genus second k .
ham	Yep. I do like the pink furniture tho.
ham	I am real, baby! I want to bring out your inner tigress...
ham	S:)but he had some luck.2 catches put down:)
spam	For ur chance to win £250 cash every wk TXT: PLAY to 83370. T's&C's www.music-trivia.net custcare 08715705022, 1x150p/wk.
ham	Got it! It looks scrumptious... daddy wants to eat you all night long!
spam	Free entry in 2 a weekly comp for a chance to win an ipod. Txt POD to 80182 to get entry (std txt rate) T&C's apply 08452810073 for details 18+
ham	K:)k..its good:)when are you going?
ham	I got like $ &lt;#&gt; , I can get some more later though. Get whatever you feel like
spam	Thanks for your ringtone order, reference number X49.Your mobile will be charged 4.50. Should your tone not arrive please call customer services 09065989182
ham	Pls send me the correct name da.
ham	Ya! when are ü taking ure practical lessons? I start in june..  
ham	My tuition is at 330. Hm we go for the 1120 to 1205 one? Do you mind?
ham	U reach orchard already? U wan 2 go buy tickets first?
ham	God picked up a flower and dippeditinaDEW, lovingly touched itwhichturnedinto u, and the he gifted tomeandsaid,THIS FRIEND IS 4U
ham	Yes:)sura in sun tv.:)lol.
ham	My slave! I want you to take 2 or 3 pictures of yourself today in bright light on your cell phone! Bright light!
ham	He said i look pretty wif long hair wat. But i thk he's cutting quite short 4 me leh.
ham	Our ride equally uneventful - not too many of those pesky cyclists around at that time of night ;).
ham	Hiya, had a good day? Have you spoken to since the weekend?
ham	Tell your friends what you plan to do on Valentines day @ &lt;URL&gt;
ham	U calling me right? Call my hand phone...
ham	Lol for real. She told my dad I have cancer
spam	Married local women looking for discreet action now! 5 real matches instantly to your phone. Text MATCH to 69969 Msg cost 150p 2 stop txt stop BCMSFWC1N3XX
ham	Y?WHERE U AT DOGBREATH? ITS JUST SOUNDING LIKE JAN C THATS AL!!!!!!!!!
ham	Think + da. You wil do.
spam	Dear Voucher Holder, 2 claim this weeks offer, at your PC go to http://www.e-tlp.co.uk/expressoffer Ts&Cs apply.2 stop texts txt STOP to 80062.
ham	So how's scotland. Hope you are not over showing your JJC tendencies. Take care. Live the dream
spam	Camera - You are awarded a SiPix Digital Camera! call 09061221066 fromm landline. Delivery within 28 days
ham	What not under standing.
ham	Will do, you gonna be at blake's all night? I might be able to get out of here a little early
ham	somewhere out there beneath the pale moon light someone think in of u some where out there where dreams come true... goodnite &amp; sweet dreams
spam	As one of our registered subscribers u can enter the draw 4 a 100 G.B. gift voucher by replying with ENTER. To unsubscribe text STOP
ham	Each Moment in a day,has its own value-Morning brings hope,afternoon brings faith,Evening brings luv,Night brings rest,Wish u find them all today.Good Morning
ham	 came to look at the flat, seems ok, in his 50s? * Is away alot wiv work. Got woman coming at 6.30 too.
spam	Please CALL 08712402779 immediately as there is an urgent message waiting for you
spam	Please CALL 08712402902 immediately as there is an urgent message waiting for you.
ham	Oh ok.. Wat's ur email?
ham	Give one miss from that number please
spam	Congratulations ur awarded 500 of CD vouchers or 125gift guaranteed & Free entry 2 100 wkly draw txt MUSIC to 87066 TnCs www.Ldew.com1win150ppmx3age16
ham	Gimme a few was  &lt;#&gt;  minutes ago
ham	* Was really good to see you the other day dudette, been missing you!
spam	YOU HAVE WON! As a valued Vodafone customer our computer has picked YOU to win a £150 prize. To collect is easy. Just call 09061743386 
ham	Great to hear you are settling well. So what's happenin wit ola?
ham	OH YEAH,AND HAV A GREAT TIME IN NEWQUAY-SEND ME A POSTCARD !1 LOOK AFTER ALL THE GIRLS WHILE IM GONE(U KNOW THE 1IM TALKIN BOUT!)xx
spam	Bored of speed dating? Try SPEEDCHAT, txt SPEEDCHAT to 80155, if you don't like em txt SWAP and get a new chatter! Chat80155 POBox36504W45WQ 150p/msg rcd 16
spam	Congrats 2 mobile 3G Videophones R yours. call 09063458130 now! videochat wid ur mates, play java games, Dload polypH music, noline rentl. bx420. ip4. 5we. 150p
ham	Not sure yet, still trying to get a hold of him
ham	I am back. Bit long cos of accident on a30. Had to divert via wadebridge.I had a brilliant weekend thanks. Speak soon. Lots of love
spam	You have an important customer service announcement from PREMIER.
ham	Home so we can always chat
ham	K I'll be sure to get up before noon and see what's what
ham	I.ll give her once i have it. Plus she said grinule greet you whenever we speak
ham	Can i get your opinion on something first?
ham	Sorry, I'll call later
spam	-PLS STOP bootydelious (32/F) is inviting you to be her friend. Reply YES-434 or NO-434 See her: www.SMS.ac/u/bootydelious STOP? Send STOP FRND to 62468
spam	More people are dogging in your area now. Call 09090204448 and join like minded guys. Why not arrange 1 yourself. There's 1 this evening. A£1.50 minAPN LS278BB
ham	Think i might have to give it a miss. Am teaching til twelve, then have lecture at two. Damn this working thing.
ham	I'm okay. Chasing the dream. What's good. What are you doing next.
ham	I couldn't say no as he is a dying man and I feel sad for him so I will go and I just wanted you to know I would probably be gone late into your night
ham	Sorry my roommates took forever, it ok if I come by now?
spam	I don't know u and u don't know me. Send CHAT to 86688 now and let's find each other! Only 150p/Msg rcvd. HG/Suite342/2Lands/Row/W1J6HL LDN. 18 years or over.
spam	Our brand new mobile music service is now live. The free music player will arrive shortly. Just install on your phone to browse content from the top artists.
spam	Kit Strip - you have been billed 150p. Netcollex Ltd. PO Box 1013 IG11 OJA
ham	Aiyo... Her lesson so early... I'm still sleepin, haha... Okie, u go home liao den confirm w me lor...
ham	Its on in engalnd! But telly has decided it won't let me watch it and mia and elliot were kissing! Damn it!
ham	Lol. Well quality aint bad at all so i aint complaining
ham	Buzz! Hey, my Love ! I think of you and hope your day goes well. Did you sleep in ? I miss you babe. I long for the moment we are together again*loving smile*
spam	Free entry in 2 a wkly comp to win FA Cup final tkts 21st May 2005. Text FA to 87121 to receive entry question(std txt rate)T&C's apply 08452810075over18's
spam	Congrats 2 mobile 3G Videophones R yours. call 09063458130 now! videochat wid ur mates, play java games, Dload polypH music, noline rentl. bx420. ip4. 5we. 150p
ham	Pls confirm the time to collect the cheque.
spam	74355 XMAS iscoming & ur awarded either £500 CD gift vouchers & free entry 2 r £100 weekly draw txt MUSIC to 87066 TnC
spam	For ur chance to win a £250 cash every wk TXT: ACTION to 80608. T's&C's www.movietrivia.tv custcare 08712405022, 1x150p/wk.
spam	Valentines Day Special! Win over £1000 in our quiz and take your partner on the trip of a lifetime! Send GO to 83600 now. 150p/msg rcvd. CustCare:08718720201.
spam	CALL 09090900040 & LISTEN TO EXTREME DIRTY LIVE CHAT GOING ON IN THE OFFICE RIGHT NOW TOTAL PRIVACY NO ONE KNOWS YOUR [sic] LISTENING 60P MIN 24/7MP 0870753331018+
ham	Ball is moving a lot.will spin in last :)so very difficult to bat:)
ham	I'll meet you in the lobby
ham	YEH I AM DEF UP4 SOMETHING SAT,JUST GOT PAYED2DAY & I HAVBEEN GIVEN A£50 PAY RISE 4MY WORK & HAVEBEEN MADE PRESCHOOLCO-ORDINATOR 2I AM FEELINGOOD LUV
spam	Knock Knock Txt whose there to 80082 to enter r weekly draw 4 a £250 gift voucher 4 a store of yr choice. T&Cs www.tkls.com age16 to stoptxtstop£1.50/week
ham	Dont worry. I guess he's busy.
ham	Nothing just getting msgs by dis name wit different no's..
ham	Mode men or have you left.
ham	I'm so in love with you. I'm excited each day i spend with you. You make me so happy.
ham	Its so common hearin How r u? Wat r u doing? How was ur day? So let me ask u something different. Did u smile today? If not, do it now.... Gud evng.
ham	Aight, I'm chillin in a friend's room so text me when you're on the way
spam	Congratulations! Thanks to a good friend U have WON the £2,000 Xmas prize. 2 claim is easy, just call 08718726971 NOW! Only 10p per minute. BT-national-rate.
ham	How will I creep on you now? ;_;
ham	"Wishing you and your family Merry ""X"" mas and HAPPY NEW Year in advance.."
ham	Ok that's great thanx a lot.
ham	Is she replying. Has boye changed his phone number
ham	Hi di is yijue we're meeting at 7 pm at esaplanade tonight.
ham	Badrith is only for chennai:)i will surely pick for us:)no competition for him.
ham	Or I guess  &lt;#&gt;  min
ham	Weightloss! No more girl friends. Make loads of money on ebay or something. And give thanks to God.
ham	Just dropped em off, omw back now
spam	Loan for any purpose £500 - £75,000. Homeowners + Tenants welcome. Have you been previously refused? We can still help. Call Free 0800 1956669 or text back 'help'
spam	You will recieve your tone within the next 24hrs. For Terms and conditions please see Channel U Teletext Pg 750
ham	Now press conference da:)
ham	Hi its me you are probably having too much fun to get this message but i thought id txt u cos im bored! and james has been farting at me all night
spam	2p per min to call Germany 08448350055 from your BT line. Just 2p per min. Check PlanetTalkInstant.com for info & T's & C's. Text stop to opt out
spam	4mths half price Orange line rental & latest camera phones 4 FREE. Had your phone 11mths+? Call MobilesDirect free on 08000938767 to update now! or2stoptxt T&Cs
ham	Nothing spl..wat abt u and whr ru?
ham	Good Morning my Dear Shijutta........... Have a great &amp; successful day.
spam	Hi 07734396839 IBH Customer Loyalty Offer: The NEW NOKIA6600 Mobile from ONLY £10 at TXTAUCTION!Txt word:START to No:81151 & get Yours Now!4T&
ham	I had been hoping i would not have to send you this message. My rent is due and i dont have enough for it. My reserves are completely gone. Its a loan i need and was hoping you could her. The balance is  &lt;#&gt; . Is there a way i could get that from you, till mid march when i hope to pay back.
spam	Loan for any purpose £500 - £75,000. Homeowners + Tenants welcome. Have you been previously refused? We can still help. Call Free 0800 1956669 or text back 'help'
spam	I don't know u and u don't know me. Send CHAT to 86688 now and let's find each other! Only 150p/Msg rcvd. HG/Suite342/2Lands/Row/W1J6HL LDN. 18 years or over.
ham	What's up. Do you want me to come online?
spam	Hack Chat. Get backdoor entry into 121 chat rooms at a fraction of the cost. Reply NEO69 or call 09050280520, to subscribe 25p pm. DPS, Bcm box 8027 Ldn, wc1n3xx
ham	Oh god..taken the teeth?is it paining
ham	Hello, my love. What are you doing? Did you get to that interview today? Are you you happy? Are you being a good boy? Do you think of me?Are you missing me ?
ham	Just sent again. Do you scream and moan in bed, princess?
spam	Today's Offer! Claim ur £150 worth of discount vouchers! Text YES to 85023 now! SavaMob, member offers mobile! T Cs 08717898035. £3.00 Sub. 16 . Unsub reply X
spam	07732584351 - Rodger Burns - MSG = We tried to call you re your reply to our sms for a free nokia mobile + free camcorder. Please call now 08000930705 for delivery tomorrow
spam	Promotion Number: 8714714 - UR awarded a City Break and could WIN a £200 Summer Shopping spree every WK. Txt STORE to 88039 . SkilGme. TsCs087147403231Winawk!Age16 £1.50perWKsub
ham	Hi, can i please get a  &lt;#&gt;  dollar loan from you. I.ll pay you back by mid february. Pls.
ham	Hey morning what you come to ask:-) pa...
ham	Not yet had..ya sapna aunty manege y'day hogidhe..chinnu full weak and swalpa black agidhane..
ham	I'm there and I can see you, but you can't see me ? Maybe you should reboot ym ? I seen the buzz
ham	Thank god they are in bed!
spam	Call 09095350301 and send our girls into erotic ecstacy. Just 60p/min. To stop texts call 08712460324 (nat rate)
ham	I uploaded mine to Facebook
ham	I realise you are a busy guy and i'm trying not to be a bother. I have to get some exams outta the way and then try the cars. Do have a gr8 day
ham	Ill call u 2mrw at ninish, with my address that icky American freek wont stop callin me 2 bad Jen k eh?
ham	Right on brah, see you later
ham	meet you in corporation st outside gap … you can see how my mind is working!
ham	Pls she needs to dat slowly or she will vomit more.
ham	No dude, its not fake..my frnds got money, thts y i'm reffering u..if u member wit my mail link, u vl be credited  &lt;#&gt; rs and il be getiing  &lt;#&gt; rs..i can draw my acc wen it is  &lt;#&gt; rs..
ham	Call me when u're done...
spam	URGENT! We are trying to contact U. Todays draw shows that you have won a £800 prize GUARANTEED. Call 09050001808 from land line. Claim M95. Valid12hrs only
ham	Kaiez... Enjoy ur tuition... Gee... Thk e second option sounds beta... I'll go yan jiu den msg u...
ham	Depends on where u going lor.
spam	FreeMsg Why haven't you replied to my text? I'm Randy, sexy, female and live local. Luv to hear from u. Netcollex Ltd 08700621170150p per msg reply Stop to end
spam	SMS SERVICES. for your inclusive text credits, pls goto www.comuk.net login= 3qxj9 unsubscribe with STOP, no extra charge. help 08702840625.COMUK. 220-CM2 9AE
spam	Free Msg: Ringtone!From: http://tms. widelive.com/index. wml?id=1b6a5ecef91ff9*37819&first=true18:0430-JUL-05
spam	"You can stop further club tones by replying ""STOP MIX"" See my-tone.com/enjoy. html for terms. Club tones cost GBP4.50/week. MFL, PO Box 1146 MK45 2WT (2/3)"
ham	X2  &lt;#&gt; . Are you going to get that
spam	Urgent Urgent! We have 800 FREE flights to Europe to give away, call B4 10th Sept & take a friend 4 FREE. Call now to claim on 09050000555. BA128NNFWFLY150ppm
ham	Orh i tot u say she now still dun believe.
ham	Usually the body takes care of it buy making sure it doesnt progress. Can we pls continue this talk on saturday.
ham	Ofcourse I also upload some songs
ham	Mum ask ü to buy food home...
ham	Its too late:)but its k.wish you the same.
ham	Do u hav any frnd by name ashwini in ur college?
ham	Mine here like all fr china then so noisy.
ham	Dude ive been seeing a lotta corvettes lately
ham	The message sent is askin for  &lt;#&gt; dollars. Shoul i pay  &lt;#&gt;  or  &lt;#&gt; ?
spam	RCT' THNQ Adrian for U text. Rgds Vatian
ham	Well its not like you actually called someone a punto. That woulda been worse.
spam	Urgent! call 09066350750 from your landline. Your complimentary 4* Ibiza Holiday or 10,000 cash await collection SAE T&Cs PO BOX 434 SK3 8WP 150 ppm 18+
ham	cThen i thk shd b enuff.. Still got conclusion n contents pg n references.. I'll b doing da contents pg n cover pg..
ham	Ok set let u noe e details later...
ham	Aight no rush, I'll ask jay
ham	Okay same with me. Well thanks for the clarification
ham	I'll see, but prolly yeah
spam	Free entry in 2 a wkly comp to win FA Cup final tkts 21st May 2005. Text FA to 87121 to receive entry question(std txt rate)T&C's apply 08452810075over18's
spam	<Forwarded from 21870000>Hi - this is your Mailbox Messaging SMS alert. You have 40 matches. Please call back on 09056242159 to retrieve your messages and matches cc100p/min
spam	Your weekly Cool-Mob tones are ready to download !This weeks new Tones include: 1) Crazy Frog-AXEL F>>> 2) Akon-Lonely>>> 3) Black Eyed-Dont P >>>More info in n
ham	O was not into fps then.
ham	I will vote for wherever my heart guides me
spam	Free 1st week entry 2 TEXTPOD 4 a chance 2 win 40GB iPod or £250 cash every wk. Txt VPOD to 81303 Ts&Cs www.textpod.net custcare 08712405020.
spam	(Bank of Granite issues Strong-Buy) EXPLOSIVE PICK FOR OUR MEMBERS *****UP OVER 300% *********** Nasdaq Symbol CDGT That is a $5.00 per..
spam	This message is free. Welcome to the new & improved Sex & Dogging club! To unsubscribe from this service reply STOP. msgs@150p 18+only
spam	Guess what! Somebody you know secretly fancies you! Wanna find out who it is? Give us a call on 09065394514 From Landline DATEBox1282EssexCM61XN 150p/min 18
ham	Ya srsly better than yi tho
spam	Free-message: Jamster!Get the crazy frog sound now! For poly text MAD1, for real text MAD2 to 88888. 6 crazy sounds for just 3 GBP/week! 16+only! T&C's apply
spam	You are awarded a SiPix Digital Camera! call 09061221061 from landline. Delivery within 28days. T Cs Box177. M221BP. 2yr warranty. 150ppm. 16 . p p£3.99
ham	Exactly. Anyways how far. Is jide her to study or just visiting
ham	S:)no competition for him.
ham	So how are you really. What are you up to. How's the masters. And so on.
ham	Also remember to get dobby's bowl from your car
ham	Sorry, I'll call later
spam	Ur TONEXS subscription has been renewed and you have been charged £4.50. You can choose 10 more polys this month. www.clubzed.co.uk *BILLING MSG*
ham	Mon okie lor... Haha, best is cheap n gd food la, ex oso okie... Depends on whether wana eat western or chinese food... Den which u prefer... 
ham	1.20 that call cost. Which i guess isnt bad. Miss ya, need ya, want ya, love ya
spam	SplashMobile: Choose from 1000s of gr8 tones each wk! This is a subscrition service with weekly tones costing 300p. U have one credit - kick back and ENJOY
ham	This pen thing is beyond a joke. Wont a Biro do? Don't do a masters as can't do this ever again! 
ham	Yes its possible but dint try. Pls dont tell to any one k
spam	This is the 2nd time we have tried to contact u. U have won the £1450 prize to claim just call 09053750005 b4 310303. T&Cs/stop SMS 08718725756. 140ppm
spam	Congrats! 1 year special cinema pass for 2 is yours. call 09061209465 now! C Suprman V, Matrix3, StarWars3, etc all 4 FREE! bx420-ip4-5we. 150pm. Dont miss out! 
ham	Hi. Hope you had a good day. Have a better night.
ham	Except theres a chick with huge boobs.
ham	Mum, hope you are having a great day. Hoping this text meets you well and full of life. Have a great day. Abiola
spam	Sunshine Quiz Wkly Q! Win a top Sony DVD player if u know which country Liverpool played in mid week? Txt ansr to 82277. £1.50 SP:Tyrone
ham	Hurt me... Tease me... Make me cry... But in the end of my life when i die plz keep one rose on my grave and say STUPID I MISS U.. HAVE A NICE DAY BSLVYL
spam	Your B4U voucher w/c 27/03 is MARSMS. Log onto www.B4Utele.com for discount credit. To opt out reply stop. Customer care call 08717168528
ham	Pls give her prometazine syrup. 5mls then  &lt;#&gt; mins later feed.
ham	WE REGRET TO INFORM U THAT THE NHS HAS MADE A MISTAKE.U WERE NEVER ACTUALLY BORN.PLEASE REPORT 2 YOR LOCAL HOSPITAL 2B TERMINATED.WE R SORRY 4 THE INCONVENIENCE
ham	Also sir, i sent you an email about how to log into the usc payment portal. I.ll send you another message that should explain how things are back home. Have a great weekend.
spam	Urgent! Please call 09066612661 from your landline, your complimentary 4* Lux Costa Del Sol holiday or £1000 CASH await collection. ppm 150 SAE T&Cs James 28, EH74RR
ham	Imagine you finally get to sink into that bath after I have put you through your paces, maybe even having you eat me for a while before I left ... But also imagine the feel of that cage on your cock surrounded by the bath water, reminding you always who owns you ... Enjoy, my cuck
spam	Free video camera phones with Half Price line rental for 12 mths and 500 cross ntwk mins 100 txts. Call MobileUpd8 08001950382 or Call2OptOut/674&
ham	Great comedy..cant stop laughing da:)
ham	Hi Dear Call me its urgnt. I don't know whats your problem. You don't want to work or if you have any other problem at least tell me. Wating for your reply.
ham	Ok lor...
spam	YOU VE WON! Your 4* Costa Del Sol Holiday or £5000 await collection. Call 09050090044 Now toClaim. SAE, TC s, POBox334, Stockport, SK38xh, Cost£1.50/pm, Max10mins
ham	Yeah confirmed for you staying at  that weekend
ham	I wud never mind if u dont miss me or if u dont need me.. But u wil really hurt me wen u need me &amp; u dont tell me......... Take care:-)
ham	Hey check it da. I have listed da.
ham	Gokila is talking with you aha:)
ham	Yar lor... Keep raining non stop... Or u wan 2 go elsewhere?
ham	Are you coming to day for class.
spam	Think ur smart ? Win £200 this week in our weekly quiz, text PLAY to 85222 now!T&Cs WinnersClub PO BOX 84, M26 3UZ. 16+. GBP1.50/week
ham	Nah man, my car is meant to be crammed full of people
spam	FreeMsg>FAV XMAS TONES!Reply REAL
ham	Lol I know! They're so dramatic. Schools already closed for tomorrow. Apparently we can't drive in the inch of snow were supposed to get.
ham	Haha awesome, I might need to take you up on that, what you doin tonight?
ham	All e best 4 ur driving tmr :-)
ham	Er yep sure. Props?
spam	WIN URGENT! Your mobile number has been awarded with a £2000 prize GUARANTEED call 09061790121 from land line. claim 3030 valid 12hrs only 150ppm 
ham	Send ur birthdate with month and year, I will tel u ur LIFE PARTNER'S name. and the method of calculation. Reply must.
spam	HMV BONUS SPECIAL 500 pounds of genuine HMV vouchers to be won. Just answer 4 easy questions. Play Now! Send HMV to 86688 More info:www.100percent-real.com
spam	Hi if ur lookin 4 saucy daytime fun wiv busty married woman Am free all next week Chat now 2 sort time 09099726429 JANINExx Calls£1/minMobsmoreLKPOBOX177HP51FL
ham	HI ITS KATE CAN U GIVE ME A RING ASAP XXX
ham	Okies... I'll go yan jiu too... We can skip ard oso, go cine den go mrt one, blah blah blah... 
ham	Well, i'm gonna finish my bath now. Have a good...fine night.
ham	Nothing, i got msg frm tht unknown no..
ham	No we sell it all so we'll have tons if coins. Then sell our coins to someone thru paypal. Voila! Money back in life pockets:)
spam	FREE for 1st week! No1 Nokia tone 4 ur mob every week just txt NOKIA to 8007 Get txting and tell ur mates www.getzed.co.uk POBox 36504 W45WQ norm150p/tone 16+
spam	Hi, the SEXYCHAT girls are waiting for you to text them. Text now for a great night chatting. send STOP to stop this service
spam	FREE entry into our £250 weekly competition just text the word WIN to 80086 NOW. 18 T&C www.txttowin.co.uk
ham	K still are you loving me.
ham	CHEERS LOU! YEAH WAS A GOODNITE SHAME U NEVA CAME! C YA GAILxx
spam	You are guaranteed the latest Nokia Phone, a 40GB iPod MP3 player or a £500 prize! Txt word: COLLECT to No: 83355! IBHltd LdnW15H 150p/Mtmsgrcvd18+
ham	I went to project centre
ham	"My planning usually stops at ""find hella weed, smoke hella weed"""
spam	You are a winner U have been specially selected 2 receive £1000 cash or a 4* holiday (flights inc) speak to a live operator 2 claim 0871277810810
ham	Night has ended for another day, morning has come in a special way. May you smile like the sunny rays and leaves your worries at the blue blue bay.
ham	Sorry, I'll call later
spam	Hi its LUCY Hubby at meetins all day Fri & I will B alone at hotel U fancy cumin over? Pls leave msg 2day 09099726395 Lucy x Calls£1/minMobsmoreLKPOBOX177HP51FL
ham	Meeting u is my work. . . Tel me when shall i do my work tomorrow
ham	Sorry light turned green, I meant another friend wanted  &lt;#&gt;  worth but he may not be around
spam	Orange customer, you may now claim your FREE CAMERA PHONE upgrade for your loyalty. Call now on 0207 153 9996. Offer ends 14thMarch. T&C's apply. Opt-out availa
ham	Congratulations ore mo owo re wa. Enjoy it and i wish you many happy moments to and fro wherever you go
ham	Ah, well that confuses things, doesnt it? I thought was friends with now. Maybe i did the wrong thing but i already sort of invited -tho he may not come cos of money.
ham	Den wat will e schedule b lk on sun?
spam	Sunshine Hols. To claim ur med holiday send a stamped self address envelope to Drinks on Us UK, PO Box 113, Bray, Wicklow, Eire. Quiz Starts Saturday! Unsub Stop
ham	Ok thanx... Take care then...
ham	Baaaaabe! I misss youuuuu ! Where are you ? I have to go and teach my class at 5 ...
spam	We tried to call you re your reply to our sms for a video mobile 750 mins UNLIMITED TEXT + free camcorder Reply of call 08000930705 Now
spam	Romantic Paris. 2 nights, 2 flights from £79 Book now 4 next year. Call 08704439680Ts&Cs apply.
spam	Send a logo 2 ur lover - 2 names joined by a heart. Txt LOVE NAME1 NAME2 MOBNO eg LOVE ADAM EVE 07123456789 to 87077 Yahoo! POBox36504W45WQ TxtNO 4 no ads 150p
ham	Thats cool. i am a gentleman and will treat you with dignity and respect.
ham	Dear where you will be when i reach there
spam	Hey I am really horny want to chat or see me naked text hot to 69698 text charged at 150pm to unsubscribe text stop 69698
ham	She left it very vague. She just said she would inform the person in accounting about the delayed rent and that i should discuss with the housing agency about my renting another place. But checking online now and all places around usc are  &lt;#&gt;  and up
ham	Sorry, I'll call later
ham	Haha mayb u're rite... U know me well. Da feeling of being liked by someone is gd lor. U faster go find one then all gals in our group attached liao.
spam	Someone U know has asked our dating service 2 contact you! Cant guess who? CALL 09058095107 NOW all will be revealed. POBox 7, S3XY 150p 
spam	Great News! Call FREEFONE 08006344447 to claim your guaranteed £1000 CASH or £2000 gift. Speak to a live operator NOW!
spam	Call FREEPHONE 0800 542 0578 now!
spam	December only! Had your mobile 11mths+? You are entitled to update to the latest colour camera mobile for Free! Call The Mobile Update VCo FREE on 08002986906 
ham	K. I will sent it again
ham	It's wylie, you in tampa or sarasota?
spam	Get ur 1st RINGTONE FREE NOW! Reply to this msg with TONE. Gr8 TOP 20 tones to your phone every week just £1.50 per wk 2 opt out send STOP 08452810071 16
ham	Hi, my love! How goes that day? Fuck, this morning I woke and dropped my cell on the way down the stairs but it seems alright ... *phews* I miss you !
spam	New TEXTBUDDY Chat 2 horny guys in ur area 4 just 25p Free 2 receive Search postcode or at gaytextbuddy.com. TXT ONE name to 89693
ham	Oh k.i think most of wi and nz players unsold.
ham	Cool. So how come you havent been wined and dined before?
ham	Nope... Think i will go for it on monday... Sorry i replied so late
ham	I will see in half an hour
spam	Here is your discount code RP176781. To stop further messages reply stop. www.regalportfolio.co.uk. Customer Services 08717205546
spam	Our dating service has been asked 2 contact U by someone shy! CALL 09058091870 NOW all will be revealed. POBox84, M26 3UZ 150p
ham	Mm not entirely sure i understood that text but hey. Ho. Which weekend?
ham	Could you not read me, my Love ? I answered you
spam	Congrats! 2 mobile 3G Videophones R yours. call 09061744553 now! videochat wid ur mates, play java games, Dload polyH music, noline rentl. bx420. ip4. 5we. 150pm
spam	For ur chance to win a £250 cash every wk TXT: ACTION to 80608. T's&C's www.movietrivia.tv custcare 08712405022, 1x150p/wk
ham	I wait 4 ü inside da car park...
ham	I hope your alright babe? I worry that you might have felt a bit desparate when you learned the job was a fake ? I am here waiting when you come back, my love
spam	U’ve Bin Awarded £50 to Play 4 Instant Cash. Call 08715203028 To Claim. EVERY 9th Player Wins Min £50-£500. OptOut 08718727870
spam	FREE2DAY sexy St George's Day pic of Jordan!Txt PIC to 89080 dont miss out, then every wk a saucy celeb!4 more pics c PocketBabe.co.uk 0870241182716 £3/wk
spam	Please call our customer service representative on FREEPHONE 0808 145 4742 between 9am-11pm as you have WON a guaranteed £1000 cash or £5000 prize!
spam	Get your garden ready for summer with a FREE selection of summer bulbs and seeds worth £33:50 only with The Scotsman this Saturday. To stop go2 notxt.co.uk
spam	WIN a year supply of CDs 4 a store of ur choice worth £500 & enter our £100 Weekly draw txt MUSIC to 87066 Ts&Cs www.Ldew.com.subs16+1win150ppmx3
ham	Can... I'm free...
spam	PRIVATE! Your 2003 Account Statement for 078
ham	I.ll get there tomorrow and send it to you
spam	Had your contract mobile 11 Mnths? Latest Motorola, Nokia etc. all FREE! Double Mins & Text on Orange tariffs. TEXT YES for callback, no to remove from records
ham	Jay is snickering and tells me that x is totally fucking up the chords as we speak
spam	thesmszone.com lets you send free anonymous and masked messages..im sending this message from there..do you see the potential for abuse???
ham	Watching cartoon, listening music &amp; at eve had to go temple &amp; church.. What about u?
ham	K ill drink.pa then what doing. I need srs model pls send it to my mail id pa.
ham	We're all getting worried over here, derek and taylor have already assumed the worst
ham	Hmm...my uncle just informed me that he's paying the school directly. So pls buy food.
spam	Collect your VALENTINE'S weekend to PARIS inc Flight & Hotel + £200 Prize guaranteed! Text: PARIS to No: 69101. www.rtf.sphosting.com
spam	Great NEW Offer - DOUBLE Mins & DOUBLE Txt on best Orange tariffs AND get latest camera phones 4 FREE! Call MobileUpd8 free on 08000839402 NOW! or 2stoptxt T&Cs
ham	Kind of. Took it to garage. Centre part of exhaust needs replacing. Part ordered n taking it to be fixed tomo morning.
spam	To review and KEEP the fantastic Nokia N-Gage game deck with Club Nokia, go 2 www.cnupdates.com/newsletter. unsubscribe from alerts reply with the word OUT
ham	Go chase after her and run her over while she's crossing the street
ham	Most of the tiime when i don't let you hug me it's so i don't break into tears.
spam	from www.Applausestore.com MonthlySubscription@50p/msg max6/month T&CsC web age16 2stop txt stop
spam	Hottest pics straight to your phone!! See me getting Wet and Wanting, just for you xx Text PICS to 89555 now! txt costs 150p textoperator g696ga 18 XxX
ham	Haha figures, well I found the piece and priscilla's bowl
ham	Mathews or tait or edwards or anderson
spam	Dear Voucher holder Have your next meal on us. Use the following link on your pc 2 enjoy a 2 4 1 dining experiencehttp://www.vouch4me.com/etlp/dining.asp
ham	I would but I'm still cozy. And exhausted from last night.nobody went to school or work. Everything is closed.
spam	Thanks 4 your continued support Your question this week will enter u in2 our draw 4 £100 cash. Name the NEW US President? txt ans to 80082
ham	It's cool, let me know before it kicks off around  &lt;#&gt; , I'll be out and about all day
ham	Pls dont forget to study
ham	How do you guys go to see movies on your side.
spam	u r a winner U ave been specially selected 2 receive £1000 cash or a 4* holiday (flights inc) speak to a live operator 2 claim 0871277810710p/min (18 )
ham	Anything lor... U decide...
ham	I don't know, same thing that's wrong everyso often, he panicks starts goin on bout not bein good enough …
spam	Text PASS to 69669 to collect your polyphonic ringtones. Normal gprs charges apply only. Enjoy your tones
spam	You can donate £2.50 to UNICEF's Asian Tsunami disaster support fund by texting DONATE to 864233. £2.50 will be added to your next bill
spam	Get 3 Lions England tone, reply lionm 4 mono or lionp 4 poly. 4 more go 2 www.ringtones.co.uk, the original n best. Tones 3GBP network operator rates apply.
spam	You have WON a guaranteed £1000 cash or a £2000 prize. To claim yr prize call our customer service representative on 08714712412 between 10am-7pm Cost 10p
ham	I need you to be in my strong arms...
spam	22 days to kick off! For Euro2004 U will be kept up to date with the latest news and results daily. To be removed send GET TXT STOP to 83222
spam	Message Important information for O2 user. Today is your lucky day! 2 find out why log onto http://www.urawinner.com there is a fantastic surprise awaiting you
ham	You got called a tool?
spam	Money i have won wining number 946 wot do i do next
spam	Thanks for your ringtone order, ref number R836. Your mobile will be charged £4.50. Should your tone not arrive please call customer services on 09065069154
ham	Yeah right! I'll bring my tape measure fri!
spam	URGENT! Last weekend's draw shows that you have won £1000 cash or a Spanish holiday! CALL NOW 09050000332 to claim. T&C: RSTM, SW7 3SS. 150ppm
ham	Wylie update: my weed dealer carlos went to freedom and had a class with lunsford
spam	Want 2 get laid tonight? Want real Dogging locations sent direct 2 ur Mob? Join the UK's largest Dogging Network by txting MOAN to 69888Nyt. ec2a. 31p.msg@150p
ham	Nvm take ur time.
spam	RT-KIng Pro Video Club>> Need help? info@ringtoneking.co.uk or call 08701237397 You must be 16+ Club credits redeemable at www.ringtoneking.co.uk! Enjoy!
spam	Hi, this is Mandy Sullivan calling from HOTMIX FM...you are chosen to receive £5000.00 in our Easter Prize draw.....Please telephone 09041940223 to claim before 29/03/05 or your prize will be transferred to someone else....
spam	What do U want for Xmas? How about 100 free text messages & a new video phone with half price line rental? Call free now on 0800 0721072 to find out more!
ham	Good FRIENDS CaRE for each Other.. CLoSE Friends UNDERSTaND each Other... and TRUE Friends STaY forever beyond words, beyond time. Gud ni8
ham	COME BACK TO TAMPA FFFFUUUUUUU
spam	From next month get upto 50% More Calls 4 Ur standard network charge 2 activate Call 9061100010 C Wire3.net 1st4Terms PoBox84 M26 3UZ Cost £1.50 min MobcudB more
ham	Same here, but I consider walls and bunkers and shit important just because I never play on peaceful but I guess your place is high enough that it don't matter
ham	Yay! You better not have told that to 5 other girls either.
ham	I call you later, don't have network. If urgnt, sms me.
spam	Congrats! 1 year special cinema pass for 2 is yours. call 09061209465 now! C Suprman V, Matrix3, StarWars3, etc all 4 FREE! bx420-ip4-5we. 150pm. Dont miss out!
ham	I'm going for bath will msg you next  &lt;#&gt;  min..
spam	Well done ENGLAND! Get the official poly ringtone or colour flag on yer mobile! text TONE or FLAG to 84199 NOW! Opt-out txt ENG STOP. Box39822 W111WX £1.50
spam	SMS. ac JSco: Energy is high, but u may not know where 2channel it. 2day ur leadership skills r strong. Psychic? Reply ANS w/question. End? Reply END JSCO
ham	I emailed yifeng my part oredi.. Can ü get it fr him..
ham	Pandy joined 4w technologies today.he got job..
ham	I though we shd go out n have some fun so bar in town or something – sound ok?
ham	Ok.
spam	Ur balance is now £500. Ur next question is: Who sang 'Uptown Girl' in the 80's ? 2 answer txt ur ANSWER to 83600. Good luck!
ham	chile, please! It's only a  &lt;DECIMAL&gt;  hour drive for me. I come down all the time and will be subletting feb-april for audition season.
spam	18 days to Euro2004 kickoff! U will be kept informed of all the latest news and results daily. Unsubscribe send GET EURO STOP to 83222.
spam	HOT LIVE FANTASIES call now 08707509020 Just 20p per min NTT Ltd, PO Box 1327 Croydon CR9 5WB 0870 is a national rate call
spam	Congratulations ur awarded either £500 of CD gift vouchers & Free entry 2 our £100 weekly draw txt MUSIC to 87066 TnCs www.Ldew.com 1 win150ppmx3age16
ham	I HAVE A DATE ON SUNDAY WITH WILL!!
spam	We tried to contact you re your reply to our offer of 750 mins 150 textand a new video phone call 08002988890 now or reply for free delivery tomorrow
ham	Nice.nice.how is it working?
ham	Lol no. U can trust me.
spam	Valentines Day Special! Win over £1000 in our quiz and take your partner on the trip of a lifetime! Send GO to 83600 now. 150p/msg rcvd. CustCare:08718720201
ham	Yup i thk they r e teacher said that will make my face look longer. Darren ask me not 2 cut too short.
ham	Dear Hero,i am leaving to qatar tonite for an apt opportunity.pls do keep in touch at  &lt;EMAIL&gt; ,kerala
spam	FREE MESSAGE Activate your 500 FREE Text Messages by replying to this message with the word FREE For terms & conditions, visit www.07781482378.com
ham	House-Maid is the murderer, coz the man was murdered on  &lt;#&gt; th January.. As public holiday all govt.instituitions are closed,including post office..understand?
spam	Great News! Call FREEFONE 08006344447 to claim your guaranteed £1000 CASH or £2000 gift. Speak to a live operator NOW!
spam	URGENT This is our 2nd attempt to contact U. Your £900 prize from YESTERDAY is still awaiting collection. To claim CALL NOW 09061702893. ACL03530150PM
spam	Txt: CALL to No: 86888 & claim your reward of 3 hours talk time to use from your phone now! Subscribe6GBP/mnth inc 3hrs 16 stop?txtStop www.gamb.tv
ham	Aight, let me know when you're gonna be around usf
spam	You have WON a guaranteed £1000 cash or a £2000 prize.To claim yr prize call our customer service representative on
ham	You have got tallent but you are wasting.
ham	ME 2 BABE I FEEL THE SAME LETS JUST 4GET ABOUT IT+BOTH TRY +CHEER UP+NOT FIT SOO MUCHXXLOVE U LOCAXX
ham	Hey you told your name to gautham ah?
spam	Download as many ringtones as u like no restrictions, 1000s 2 choose. U can even send 2 yr buddys. Txt Sir to 80082 £3 
spam	500 New Mobiles from 2004, MUST GO! Txt: NOKIA to No: 89545 & collect yours today!From ONLY £1 www.4-tc.biz 2optout 087187262701.50gbp/mtmsg18
spam	Mila, age23, blonde, new in UK. I look sex with UK guys. if u like fun with me. Text MTALK to 69866.18 . 30pp/txt 1st 5free. £1.50 increments. Help08718728876
ham	Yes see ya not on the dot
spam	SMS AUCTION You have won a Nokia 7250i. This is what you get when you win our FREE auction. To take part send Nokia to 86021 now. HG/Suite342/2Lands Row/W1JHL 16+
ham	"Cool breeze... Bright sun... Fresh flower... Twittering birds... All these waiting to wish u: ""GOODMORNING &amp; HAVE A NICE DAY"" :)"
ham	Nah, Wednesday. When should I bring the mini cheetos bag over?
ham	Dis is yijue. I jus saw ur mail. In case huiming havent sent u my num. Dis is my num.
spam	Ringtone Club: Gr8 new polys direct to your mobile every week !
spam	Guess what! Somebody you know secretly fancies you! Wanna find out who it is? Give us a call on 09065394973 from Landline DATEBox1282EssexCM61XN 150p/min 18
spam	Sorry I missed your call let's talk when you have the time. I'm on 07090201529
spam	WELL DONE! Your 4* Costa Del Sol Holiday or £5000 await collection. Call 09050090044 Now toClaim. SAE, TCs, POBox334, Stockport, SK38xh, Cost£1.50/pm, Max10mins
ham	Dear how you. Are you ok?
ham	Sitting ard nothing to do lor. U leh busy w work?
ham	The  &lt;#&gt; g that i saw a few days ago, the guy wants sell wifi only for  &lt;#&gt;  and with 3g for  &lt;#&gt; . That's why i blanked him.
ham	I forgot 2 ask ü all smth.. There's a card on da present lei... How? Ü all want 2 write smth or sign on it?
ham	I dont know oh. Hopefully this month.
spam	England v Macedonia - dont miss the goals/team news. Txt ur national team to 87077 eg ENGLAND to 87077 Try:WALES, SCOTLAND 4txt/ú1.20 POBOXox36504W45WQ 16+
spam	YOU HAVE WON! As a valued Vodafone customer our computer has picked YOU to win a £150 prize. To collect is easy. Just call 09061743386
ham	Dnt worry...use ice pieces in a cloth pack.also take 2 tablets.
spam	FREE camera phones with linerental from 4.49/month with 750 cross ntwk mins. 1/2 price txt bundle deals also avble. Call 08001950382 or call2optout/J MF
ham	Hi ....My engagement has been fixd on  &lt;#&gt; th of next month. I know its really shocking bt....hmm njan vilikkam....t ws al of a sudn;-(.
spam	sports fans - get the latest sports news str* 2 ur mobile 1 wk FREE PLUS a FREE TONE Txt SPORT ON to 8007 www.getzed.co.uk 0870141701216+ norm 4txt/120p 
ham	Both :) i shoot big loads so get ready!
ham	Thanks for your message. I really appreciate your sacrifice. I'm not sure of the process of direct pay but will find out on my way back from the test tomorrow. I'm in class now. Do have a wonderful day.
ham	Watching cartoon, listening music &amp; at eve had to go temple &amp; church.. What about u?
ham	Aight, I should be there by 8 at the latest, probably closer to 7. Are jay and tyler down or should we just do two trips?
ham	Ok da, i already planned. I wil pick you.
ham	The evo. I just had to download flash. Jealous?
ham	Ü still got lessons?  Ü in sch?
ham	Didn't try, g and I decided not to head out
ham	Feel Yourself That You Are Always Happy.. Slowly It Becomes Your Habit &amp; Finally It Becomes Part Of Your Life.. Follow It.. Happy Morning &amp; Have A Happy Day:)
spam	<Forwarded from 21870000>Hi - this is your Mailbox Messaging SMS alert. You have 4 messages. You have 21 matches. Please call back on 09056242159 to retrieve your messages and matches
spam	Boltblue tones for 150p Reply POLY# or MONO# eg POLY3 1. Cha Cha Slide 2. Yeah 3. Slow Jamz 6. Toxic 8. Come With Me or STOP 4 more tones txt MORE
spam	PRIVATE! Your 2003 Account Statement for shows 800 un-redeemed S.I.M. points. Call 08715203685 Identifier Code:4xx26 Expires 13/10/04
spam	Someonone you know is trying to contact you via our dating service! To find out who it could be call from your mobile or landline 09064015307 BOX334SK38ch 
spam	Sunshine Quiz Wkly Q! Win a top Sony DVD player if u know which country the Algarve is in? Txt ansr to 82277. £1.50 SP:Tyrone
ham	I've reached home n i bathe liao... U can call me now...
spam	<Forwarded from 88877>FREE entry into our £250 weekly comp just send the word ENTER to 88877 NOW. 18 T&C www.textcomp.com
ham	I accidentally deleted the message. Resend please.
spam	You'll not rcv any more msgs from the chat svc. For FREE Hardcore services text GO to: 69988 If u get nothing u must Age Verify with yr network & try again
spam	URGENT! We are trying to contact U. Todays draw shows that you have won a £2000 prize GUARANTEED. Call 09058094507 from land line. Claim 3030. Valid 12hrs only
spam	tddnewsletter@emc1.co.uk (More games from TheDailyDraw) Dear Helen, Dozens of Free Games - with great prizesWith..
spam	XCLUSIVE@CLUBSAISAI 2MOROW 28/5 SOIREE SPECIALE ZOUK WITH NICHOLS FROM PARIS.FREE ROSES 2 ALL LADIES !!! info: 07946746291/07880867867 
ham	God's love has no limit. God's grace has no measure. God's power has no boundaries. May u have God's endless blessings always in ur life...!! Gud ni8
spam	URGENT! Your Mobile number has been awarded with a £2000 Bonus Caller Prize. Call 09058095201 from land line. Valid 12hrs only
spam	Last Chance! Claim ur £150 worth of discount vouchers today! Text SHOP to 85023 now! SavaMob, offers mobile! T Cs SavaMob POBOX84, M263UZ. £3.00 Sub. 16
spam	Double Mins & Double Txt & 1/2 price Linerental on Latest Orange Bluetooth mobiles. Call MobileUpd8 for the very latest offers. 08000839402 or call2optout/LF56
spam	FREE for 1st week! No1 Nokia tone 4 ur mob every week just txt NOKIA to 8007 Get txting and tell ur mates www.getzed.co.uk POBox 36504 W45WQ norm150p/tone 16+
spam	Monthly password for wap. mobsi.com is 391784. Use your wap phone not PC.
spam	PRIVATE! Your 2003 Account Statement for shows 800 un-redeemed S. I. M. points. Call 08715203652 Identifier Code: 42810 Expires 29/10/0
spam	URGENT!! Your 4* Costa Del Sol Holiday or £5000 await collection. Call 09050090044 Now toClaim. SAE, TC s, POBox334, Stockport, SK38xh, Cost£1.50/pm, Max10mins
spam	PRIVATE! Your 2003 Account Statement for <fone no> shows 800 un-redeemed S. I. M. points. Call 08715203656 Identifier Code: 42049 Expires 26/10/04
ham	tap & spile at seven. * Is that pub on gas st off broad st by canal. Ok?
spam	Moby Pub Quiz.Win a £100 High Street prize if u know who the new Duchess of Cornwall will be? Txt her first name to 82277.unsub STOP £1.50 008704050406 SP Arrow
ham	You bad girl. I can still remember them
ham	Small problem in auction:)punj now asking tiwary
spam	UR GOING 2 BAHAMAS! CallFREEFONE 08081560665 and speak to a live operator to claim either Bahamas cruise of£2000 CASH 18+only. To opt out txt X to 07786200117
ham	Can ü send me a copy of da report?
ham	Solve d Case : A Man Was Found Murdered On  &lt;DECIMAL&gt; . &lt;#&gt;  AfterNoon. 1,His wife called Police. 2,Police questioned everyone. 3,Wife: Sir,I was sleeping, when the murder took place. 4.Cook: I was cooking. 5.Gardener: I was picking vegetables. 6.House-Maid: I went 2 d post office. 7.Children: We went 2 play. 8.Neighbour: We went 2 a marriage. Police arrested d murderer Immediately. Who's It? Reply With Reason, If U r Brilliant.
ham	Lol yeah at this point I guess not
spam	Want explicit SEX in 30 secs? Ring 02073162414 now! Costs 20p/min Gsex POBOX 2667 WC1N 3XX
ham	And popping &lt;#&gt; ibuprofens was no help.
spam	Wan2 win a Meet+Greet with Westlife 4 U or a m8? They are currently on what tour? 1)Unbreakable, 2)Untamed, 3)Unkempt. Text 1,2 or 3 to 83049. Cost 50p +std text
spam	WIN a year supply of CDs 4 a store of ur choice worth £500 & enter our £100 Weekly draw txt MUSIC to 87066 Ts&Cs www.Ldew.com.subs16+1win150ppmx3
spam	REMINDER FROM O2: To get 2.50 pounds free call credit and details of great offers pls reply 2 this text with your valid name, house no and postcode
ham	Good morning. At the repair shop--the ONLY reason i'm up at this hour.
spam	Ur HMV Quiz cash-balance is currently £500 - to maximize ur cash-in now send HMV1 to 86688 only 150p/msg
spam	Do you ever notice that when you're driving, anyone going slower than you is an idiot and everyone driving faster than you is a maniac?
ham	All will come alive.better correct any good looking figure there itself..
spam	500 New Mobiles from 2004, MUST GO! Txt: NOKIA to No: 89545 & collect yours today!From ONLY £1 www.4-tc.biz 2optout 087187262701.50gbp/mtmsg18 TXTAUCTION
spam	Bought one ringtone and now getting texts costing 3 pound offering more tones etc
ham	Well. Balls. Time to make calls
spam	SMS. ac Sptv: The New Jersey Devils and the Detroit Red Wings play Ice Hockey. Correct or Incorrect? End? Reply END SPTV
ham	Awesome, lemme know whenever you're around
spam	You have won a guaranteed 32000 award or maybe even £1000 cash to claim ur award call free on 0800 ..... (18+). Its a legitimat efreefone number wat do u think???
spam	FREEMSG: Our records indicate you may be entitled to 3750 pounds for the Accident you had. To claim for free reply with YES to this msg. To opt out text STOP
ham	Mmm so yummy babe ... Nice jolt to the suzy
ham	Lol they were mad at first but then they woke up and gave in.
spam	5p 4 alfie Moon's Children in need song on ur mob. Tell ur m8s. Txt Tone charity to 8007 for Nokias or Poly charity for polys: zed 08701417012 profit 2 charity.
spam	U've been selected to stay in 1 of 250 top British hotels - FOR NOTHING! Holiday valued at £350! Dial 08712300220 to claim - National Rate Call. Bx526, SW73SS
spam	FREE entry into our £250 weekly comp just send the word WIN to 80086 NOW. 18 T&C www.txttowin.co.uk
ham	Ok...
ham	Great. Hope you are using your connections from mode men also cos you can never know why old friends can lead you to today
ham	No idea, I guess we'll work that out an hour after we're supposed to leave since as usual nobody has any interest in figuring shit out before the last second
ham	Yup... Ok i go home look at the timings then i msg ü again... Xuhui going to learn on 2nd may too but her lesson is at 8am
spam	HMV BONUS SPECIAL 500 pounds of genuine HMV vouchers to be won. Just answer 4 easy questions. Play Now! Send HMV to 86688 More info:www.100percent-real.com
spam	Great NEW Offer - DOUBLE Mins & DOUBLE Txt on best Orange tariffs AND get latest camera phones 4 FREE! Call MobileUpd8 free on 08000839402 NOW! or 2stoptxt T&Cs
ham	Watching tv now. I got new job :)
ham	Hi its in durban are you still on this number
ham	I dun believe u. I thk u told him.
spam	Not heard from U4 a while. Call 4 rude chat private line 01223585334 to cum. Wan 2C pics of me gettin shagged then text PIX to 8552. 2End send STOP 8552 SAM xxx
spam	Join the UK's horniest Dogging service and u can have sex 2nite!. Just sign up and follow the instructions. Txt ENTRY to 69888 now! Nyt.EC2A.3LP.msg@150p
spam	U have a secret admirer who is looking 2 make contact with U-find out who they R*reveal who thinks UR so special-call on 09058094599
spam	URGENT!: Your Mobile No. was awarded a £2,000 Bonus Caller Prize on 02/09/03! This is our 2nd attempt to contact YOU! Call 0871-872-9755 BOX95QU
spam	ASKED 3MOBILE IF 0870 CHATLINES INCLU IN FREE MINS. INDIA CUST SERVs SED YES. L8ER GOT MEGA BILL. 3 DONT GIV A SHIT. BAILIFF DUE IN DAYS. I O £250 3 WANT £800
spam	FREE for 1st week! No1 Nokia tone 4 ur mob every week just txt NOKIA to 8007 Get txting and tell ur mates www.getzed.co.uk POBox 36504 W45WQ norm150p/tone 16+
spam	This weeks SavaMob member offers are now accessible. Just call 08709501522 for details! SavaMob, POBOX 139, LA3 2WU. Only £1.50/week. SavaMob - offers mobile!
spam	UpgrdCentre Orange customer, you may now claim your FREE CAMERA PHONE upgrade for your loyalty. Call now on 0207 153 9153. Offer ends 26th July. T&C's apply. Opt-out available
spam	You have WON a guaranteed £1000 cash or a £2000 prize. To claim yr prize call our customer service representative on 08714712394 between 10am-7pm
ham	Where in abj are you serving. Are you staying with dad or alone.
spam	Sex up ur mobile with a FREE sexy pic of Jordan! Just text BABE to 88600. Then every wk get a sexy celeb! PocketBabe.co.uk 4 more pics. 16 £3/wk 087016248
ham	Quite ok but a bit ex... U better go eat smth now else i'll feel guilty...
spam	Bored housewives! Chat n date now! 0871750.77.11! BT-national rate 10p/min only from landlines!
ham	Good morning princess! Have a great day!
ham	Call me when u finish then i come n pick u.
spam	it to 80488. Your 500 free text messages are valid until 31 December 2005.
ham	Is toshiba portege m100 gd?
ham	It,,s a taxt massage....tie-pos argh ok! Lool!
ham	Do you know why god created gap between your fingers..? So that, One who is made for you comes &amp; fills those gaps by holding your hand with LOVE..!
ham	Ha ha - had popped down to the loo when you hello-ed me. Hello!
ham	Have you laid your airtel line to rest?
spam	Someone has conacted our dating service and entered your phone because they fancy you!To find out who it is call from landline 09111030116. PoBox12n146tf15
spam	I am hot n horny and willing I live local to you - text a reply to hear strt back from me 150p per msg Netcollex LtdHelpDesk: 02085076972 reply Stop to end
spam	You are being contacted by our dating service by someone you know! To find out who it is, call from a land line 09050000878. PoBox45W2TG150P
spam	Ever thought about living a good life with a perfect partner? Just txt back NAME and AGE to join the mobile community. (100p/SMS)
spam	Would you like to see my XXX pics they are so hot they were nearly banned in the uk!
spam	UR awarded a City Break and could WIN a £200 Summer Shopping spree every WK. Txt STORE to 88039.SkilGme.TsCs087147403231Winawk!Age16+£1.50perWKsub
ham	No prob. I will send to your email.
ham	It only does simple arithmetic not percentages.
ham	True dear..i sat to pray evening and felt so.so i sms'd you in some time...
spam	Update_Now - 12Mths Half Price Orange line rental: 400mins...Call MobileUpd8 on 08000839402 or call2optout=J5Q
ham	HI HUN! IM NOT COMIN 2NITE-TELL EVERY1 IM SORRY 4 ME, HOPE U AVA GOODTIME!OLI RANG MELNITE IFINK IT MITE B SORTED,BUT IL EXPLAIN EVERYTHIN ON MON.L8RS.x
spam	Dear 0776xxxxxxx U've been invited to XCHAT. This is our final attempt to contact u! Txt CHAT to 86688 150p/MsgrcvdHG/Suite342/2Lands/Row/W1J6HL LDN 18yrs 
ham	Just glad to be talking to you.
ham	So that takes away some money worries
spam	Hello from Orange. For 1 month's free access to games, news and sport, plus 10 free texts and 20 photo messages, reply YES. Terms apply: www.orange.co.uk/ow
ham	Ok thats cool. Its , just off either raglan rd or edward rd. Behind the cricket ground. Gimme ring when ur closeby see you tuesday.
ham	I'm going 2 orchard now laready me reaching soon. U reaching?
spam	"For your chance to WIN a FREE Bluetooth Headset then simply reply back with ""ADP"""
ham	You should change your fb to jaykwon thuglyfe falconerf
spam	WOW! The Boys R Back. TAKE THAT 2007 UK Tour. Win VIP Tickets & pre-book with VIP Club. Txt CLUB to 81303. Trackmarque Ltd info@vipclub4u.
spam	goldviking (29/M) is inviting you to be his friend. Reply YES-762 or NO-762 See him: www.SMS.ac/u/goldviking STOP? Send STOP FRND to 62468
ham	The Xmas story is peace.. The Xmas msg is love.. The Xmas miracle is jesus.. Hav a blessed month ahead &amp; wish U Merry Xmas...
ham	Dunno i juz askin cos i got a card got 20% off 4 a salon called hair sense so i tot it's da one ü cut ur hair. 
spam	Dear Matthew please call 09063440451 from a landline, your complimentary 4*Lux Tenerife holiday or £1000 CASH await collection. ppm150 SAE T&Cs Box334 SK38XH.
spam	HOT LIVE FANTASIES call now 08707500020 Just 20p per min NTT Ltd, PO Box 1327 Croydon CR9 5WB 0870 is a national rate call
spam	You are guaranteed the latest Nokia Phone, a 40GB iPod MP3 player or a £500 prize! Txt word: COLLECT to No: 83355! IBHltd LdnW15H 150p/Mtmsgrcvd18
spam	"Free Msg: get Gnarls Barkleys ""Crazy"" ringtone TOTALLY FREE just reply GO to this message right now!"
spam	FREE MSG:We billed your mobile number by mistake from shortcode 83332.Please call 08081263000 to have charges refunded.This call will be free from a BT landline
ham	In meeting da. I will call you
spam	ringtoneking 84484
spam	This message is brought to you by GMW Ltd. and is not connected to the
ham	Watching tv lor...
spam	Reminder: You have not downloaded the content you have already paid for. Goto http://doit. mymoby. tv/ to collect your content.
spam	Thanks for your ringtone order, reference number X29. Your mobile will be charged 4.50. Should your tone not arrive please call customer services 09065989180
ham	I got lousy sleep. I kept waking up every 2 hours to see if my cat wanted to come in. I worry about him when its cold :(
ham	Yes.. now only saw your message..
ham	I thank you so much for all you do with selflessness. I love you plenty.
ham	I agree. So i can stop thinkin about ipad. Can you please ask macho the same question.
ham	Hey chief, can you give me a bell when you get this. Need to talk to you about this royal visit on the 1st june. 
spam	You have won a Nokia 7250i. This is what you get when you win our FREE auction. To take part send Nokia to 86021 now. HG/Suite342/2Lands Row/W1JHL 16+
spam	Todays Vodafone numbers ending with 4882 are selected to a receive a £350 award. If your number matches call 09064019014 to receive your £350 award.
ham	K..give back my thanks.
ham	Dear,Me at cherthala.in case u r coming cochin pls call bfore u start.i shall also reach accordingly.or tell me which day u r coming.tmorow i am engaged ans its holiday.
ham	i want to grasp your pretty booty :)
spam	Eerie Nokia tones 4u, rply TONE TITLE to 8007 eg TONE DRACULA to 8007 Titles: GHOST, ADDAMSFA, MUNSTERS, EXORCIST, TWILIGHT www.getzed.co.uk POBox36504W45WQ 150p 
ham	No she didnt. I will search online and let you know.
ham	We r outside already.
spam	SIX chances to win CASH! From 100 to 20,000 pounds txt> CSH11 and send to 87575. Cost 150p/day, 6days, 16+ TsandCs apply Reply HL 4 info
ham	"Storming msg: Wen u lift d phne, u say ""HELLO"" Do u knw wt is d real meaning of HELLO?? . . . It's d name of a girl..! . . . Yes.. And u knw who is dat girl?? ""Margaret Hello"" She is d girlfrnd f Grahmbell who invnted telphone... . . . . Moral:One can 4get d name of a person, bt not his girlfrnd... G o o d n i g h t . . .@"
ham	It's not that you make me cry. It's just that when all our stuff happens on top of everything else, it pushes me over the edge. You don't underdtand how often i cry over my sorry, sorry life.
ham	That seems unnecessarily affectionate
spam	Sunshine Quiz! Win a super Sony DVD recorder if you canname the capital of Australia? Text MQUIZ to 82277. B
ham	The house is on the water with a dock, a boat rolled up with a newscaster who dabbles in jazz flute behind the wheel
ham	Full heat pa:-) i have applyed oil pa.
ham	I not busy juz dun wan 2 go so early.. Hee.. 
ham	Ok.
ham	I will cme i want to go to hos 2morow. After that i wil cme. This what i got from her dear what to do. She didnt say any time
ham	I dont. Can you send it to me. Plus how's mode.
spam	Congrats! 1 year special cinema pass for 2 is yours. call 09061209465 now! C Suprman V, Matrix3, StarWars3, etc all 4 FREE! bx420-ip4-5we. 150pm. Dont miss out!
ham	Hey... are you going to quit soon? Xuhui and i working till end of the month 
spam	Marvel Mobile Play the official Ultimate Spider-man game (£4.50) on ur mobile right now. Text SPIDER to 83338 for the game & we ll send u a FREE 8Ball wallpaper
ham	S:-)kallis wont play in first two odi:-)
spam	YES! The only place in town to meet exciting adult singles is now in the UK. Txt CHAT to 86688 now! 150p/Msg.
spam	Filthy stories and GIRLS waiting for your
ham	I'll text carlos and let you know, hang on
spam	Tone Club: Your subs has now expired 2 re-sub reply MONOC 4 monos or POLYC 4 polys 1 weekly @ 150p per week Txt STOP 2 stop This msg free Stream 0871212025016
ham	The sign of maturity is not when we start saying big things.. But actually it is, when we start understanding small things... *HAVE A NICE EVENING* BSLVYL
ham	Gudnite....tc...practice going on
ham	Ok...
ham	Jus chillaxin, what up
ham	After completed degree. There is no use in joining finance.
ham	Convey my regards to him
spam	XXXMobileMovieClub: To use your credit, click the WAP link in the next txt message or click here>> http://wap. xxxmobilemovieclub.com?n=QJKGIGHJJGCBL
ham	Early bird! Any purchases yet?
spam	our mobile number has won £5000, to claim calls us back or ring the claims hot line on 09050005321.
ham	Oh did you charge camera
spam	Double your mins & txts on Orange or 1/2 price linerental - Motorola and SonyEricsson with B/Tooth FREE-Nokia FREE Call MobileUpd8 on 08000839402 or2optout/HV9D
ham	When you guys planning on coming over?
spam	Talk sexy!! Make new friends or fall in love in the worlds most discreet text dating service. Just text VIP to 83110 and see who you could meet.
spam	RGENT! This is the 2nd attempt to contact U!U have WON £1250 CALL 09071512433 b4 050703 T&CsBCM4235WC1N3XX. callcost 150ppm mobilesvary. max£7. 50
spam	8007 FREE for 1st week! No1 Nokia tone 4 ur mob every week just txt NOKIA to 8007 Get txting and tell ur mates www.getzed.co.uk POBox 36504 W4 5WQ norm 150p/tone 16+
ham	Will be out of class in a few hours. Sorry
spam	PRIVATE! Your 2003 Account Statement for 07808 XXXXXX shows 800 un-redeemed S. I. M. points. Call 08719899217 Identifier Code: 41685 Expires 07/11/04
ham	Dai what this da.. Can i send my resume to this id.
spam	URGENT. Important information for 02 user. Today is your lucky day! 2 find out why , log onto http://www.urawinner.com there is a fantastic surprise awaiting you !
ham	Do you know where my lab goggles went
ham	Joy's father is John. Then John is the ____ of Joy's father. If u ans ths you hav  &lt;#&gt;  IQ. Tis s IAS question try to answer.
spam	Want to funk up ur fone with a weekly new tone reply TONES2U 2 this text. www.ringtones.co.uk, the original n best. Tones 3GBP network operator rates apply
spam	URGENT! Your Mobile number has been awarded with a £2000 prize GUARANTEED. Call 09058094454 from land line. Claim 3030. Valid 12hrs only
spam	T-Mobile customer you may now claim your FREE CAMERA PHONE upgrade & a pay & go sim card for your loyalty. Call on 0845 021 3680.Offer ends 28thFeb.T&C's apply
ham	I want to tell you how bad I feel that basically the only times I text you lately are when I need drugs
ham	Have you got Xmas radio times. If not i will get it now
ham	Thanx but my birthday is over already.
ham	New car and house for my parents.:)i have only new job in hand:)
spam	Thanks for your Ringtone Order, Reference T91. You will be charged GBP 4 per week. You can unsubscribe at anytime by calling customer services on 09057039994
ham	Ü log off 4 wat. It's sdryb8i
spam	URGENT! We are trying to contact you. Last weekends draw shows that you have won a £900 prize GUARANTEED. Call 09061701939. Claim code S89. Valid 12hrs only
ham	Wen ur lovable bcums angry wid u, dnt take it seriously.. Coz being angry is d most childish n true way of showing deep affection, care n luv!.. kettoda manda... Have nice day da.
spam	Hi there, 2nights ur lucky night! Uve been invited 2 XCHAT, the Uks wildest chat! Txt CHAT to 86688 now! 150p/MsgrcvdHG/Suite342/2Lands/Row/W1J6HL LDN 18yrs
spam	Congratulations ur awarded either a yrs supply of CDs from Virgin Records or a Mystery Gift GUARANTEED Call 09061104283 Ts&Cs www.smsco.net £1.50pm approx 3mins
ham	Not much, just some textin'. How bout you?
ham	We have to pick rayan macleran there.
ham	A guy who gets used but is too dumb to realize it.
ham	I.ll always be there, even if its just in spirit. I.ll get a bb soon. Just trying to be sure i need it.
spam	Dear 0776xxxxxxx U've been invited to XCHAT. This is our final attempt to contact u! Txt CHAT to 86688 150p/MsgrcvdHG/Suite342/2Lands/Row/W1J6HL LDN 18yrs
spam	Mobile Club: Choose any of the top quality items for your mobile. 7cfca1a
ham	Will do. Was exhausted on train this morning. Too much wine and pie. You sleep well too
ham	God bless.get good sleep my dear...i will pray!
ham	I fetch yun or u fetch?
ham	Hahaha..use your brain dear
spam	Ringtone Club: Get the UK singles chart on your mobile each week and choose any top quality ringtone! This message is free of charge.
ham	Sending you greetings of joy and happiness. Do have a gr8 evening
ham	I can't speak, bcaz mobile have problem. I can listen you but you cann't listen my voice. So i calls you later.
ham	True lov n care wil nevr go unrecognized. though somone often makes mistakes when valuing it. but they will definitly undrstnd once when they start missing it.
ham	Then wat r u doing now? Busy wif work?
ham	I will see in half an hour
ham	:) 
spam	**FREE MESSAGE**Thanks for using the Auction Subscription Service. 18 . 150p/MSGRCVD 2 Skip an Auction txt OUT. 2 Unsubscribe txt STOP CustomerCare 08718726270
ham	Hope you are not scared!
ham	Will ü b going to esplanade fr home?
spam	Do you realize that in about 40 years, we'll have thousands of old ladies running around with tattoos?
ham	No plm i will come da. On the way.
ham	Does daddy have a bb now.
ham	I'm leaving my house now.
spam	Summers finally here! Fancy a chat or flirt with sexy singles in yr area? To get MATCHED up just reply SUMMER now. Free 2 Join. OptOut txt STOP Help08714742804
ham	Delhi and chennai still silent.
ham	Send me the new number
ham	So ü'll be submitting da project tmr rite?
spam	83039 62735=£450 UK Break AccommodationVouchers terms & conditions apply. 2 claim you mustprovide your claim number which is 15541 
spam	Dorothy@kiefer.com (Bank of Granite issues Strong-Buy) EXPLOSIVE PICK FOR OUR MEMBERS *****UP OVER 300% *********** Nasdaq Symbol CDGT That is a $5.00 per..
spam	Send a logo 2 ur lover - 2 names joined by a heart. Txt LOVE NAME1 NAME2 MOBNO eg LOVE ADAM EVE 07123456789 to 87077 Yahoo! POBox36504W45WQ TxtNO 4 no ads 150p.
spam	WINNER! As a valued network customer you hvae been selected to receive a £900 reward! To collect call 09061701444. Valid 24 hours only. ACL03530150PM
ham	Just forced myself to eat a slice. I'm really not hungry tho. This sucks. Mark is getting worried. He knows I'm sick when I turn down pizza. Lol
spam	PRIVATE! Your 2004 Account Statement for 07742676969 shows 786 unredeemed Bonus Points. To claim call 08719180248 Identifier Code: 45239 Expires
ham	Dad says hurry the hell up
spam	A £400 XMAS REWARD IS WAITING FOR YOU! Our computer has randomly picked you from our loyal mobile customers to receive a £400 reward. Just call 09066380611 
ham	So i'm doing a list of buyers.
ham	Shuhui has bought ron's present it's a swatch watch...
spam	Please call our customer service representative on 0800 169 6031 between 10am-9pm as you have WON a guaranteed £1000 cash or £5000 prize!
ham	Can you tell Shola to please go to college of medicine and visit the academic department, tell the academic secretary what the current situation is and ask if she can transfer there. She should ask someone to check Sagamu for the same thing and lautech. Its vital she completes her medical education in Nigeria. Its less expensive much less expensive. Unless she will be getting citizen rates in new zealand.
spam	Want explicit SEX in 30 secs? Ring 02073162414 now! Costs 20p/min
ham	Good night my dear.. Sleepwell&amp;Take care
spam	For ur chance to win a £250 wkly shopping spree TXT: SHOP to 80878. T's&C's www.txt-2-shop.com custcare 08715705022, 1x150p/wk
spam	WINNER!! As a valued network customer you have been selected to receivea £900 prize reward! To claim call 09061701461. Claim code KL341. Valid 12 hours only.
ham	Thank you baby! I cant wait to taste the real thing...
spam	Hello darling how are you today? I would love to have a chat, why dont you tell me what you look like and what you are in to sexy?
ham	Oh ho. Is this the first time u use these type of words
ham	"SYMPTOMS when U are in love: ""1.U like listening songs 2.U get stopped where u see the name of your beloved 3.U won't get angry when your"
ham	I dunno they close oredi not... Ü v ma fan...
ham	My uncles in Atlanta. Wish you guys a great semester.
spam	Congrats! 2 mobile 3G Videophones R yours. call 09061744553 now! videochat wid ur mates, play java games, Dload polyH music, noline rentl. bx420. ip4. 5we. 150pm
spam	LIFE has never been this much fun and great until you came in. You made it truly special for me. I won't forget you! enjoy @ one gbp/sms
ham	I was at bugis juz now wat... But now i'm walking home oredi... Ü so late then reply... I oso saw a top dat i like but din buy... Where r ü now? 
ham	My fri ah... Okie lor,goin 4 my drivin den go shoppin after tt...
ham	I know that my friend already told that.
ham	Great. I'm in church now, will holla when i get out
ham	Don't fret. I'll buy the ovulation test strips and send them to you. You wont get them til like march. Can you send me your postal address.u'll be alright.Okay.
ham	I've got  &lt;#&gt; , any way I could pick up?
spam	Moby Pub Quiz.Win a £100 High Street prize if u know who the new Duchess of Cornwall will be? Txt her first name to 82277.unsub STOP £1.50 008704050406 SP
ham	Hey what's up charles sorry about the late reply.
ham	HI DARLIN IM MISSIN U HOPE YOU ARE HAVING A GOOD TIME. WHEN ARE U BACK AND WHAT TIME IF U CAN GIVE ME A CALL AT HOME. JESS XX
spam	FREE for 1st week! No1 Nokia tone 4 ur mob every week just txt NOKIA to 87077 Get txting and tell ur mates. zed POBox 36504 W45WQ norm150p/tone 16+
ham	From tomorrow onwards eve 6 to 3 work.
ham	I know where the  &lt;#&gt;  is, I'll be there around 5
ham	Well there's not a lot of things happening in Lindsay on New years *sighs* Some bars in Ptbo and the blue heron has something going
spam	Congratulations ur awarded 500 of CD vouchers or 125gift guaranteed & Free entry 2 100 wkly draw txt MUSIC to 87066
ham	Please da call me any mistake from my side sorry da. Pls da goto doctor.
spam	todays vodafone numbers ending with 0089(my last four digits) are selected to received a £350 award. If your number matches please call 09063442151 to claim your £350 award
ham	Y cant u try new invention to fly..i'm not joking.,
spam	XMAS iscoming & ur awarded either £500 CD gift vouchers & free entry 2 r £100 weekly draw txt MUSIC to 87066 TnC www.Ldew.com1win150ppmx3age16subscription 
spam	A link to your picture has been sent. You can also use http://alto18.co.uk/wave/wave.asp?o=44345
ham	Stop calling everyone saying I might have cancer. My throat hurts to talk. I can't be answering everyones calls. If I get one more call I'm not babysitting on Monday
ham	Hi where you. You in home or calicut?
ham	Yes:)here tv is always available in work place..
ham	No he didn't. Spring is coming early yay!
ham	Are you there in room.
ham	No one interested. May be some business plan.
ham	Thanx...
ham	Ok then i will come to ur home after half an hour
spam	Your next amazing xxx PICSFREE1 video will be sent to you enjoy! If one vid is not enough for 2day text back the keyword PICSFREE1 to get the next video.
ham	Hey you can pay. With salary de. Only  &lt;#&gt; .
spam	Natalja (25/F) is inviting you to be her friend. Reply YES-440 or NO-440 See her: www.SMS.ac/u/nat27081980 STOP? Send STOP FRND to 62468
ham	I think your mentor is , but not 100 percent sure.
ham	Otherwise had part time job na-tuition..
ham	MAKE SURE ALEX KNOWS HIS BIRTHDAY IS OVER IN FIFTEEN MINUTES AS FAR AS YOU'RE CONCERNED
spam	Hard LIVE 121 chat just 60p/min. Choose your girl and connect LIVE. Call 09094646899 now! Cheap Chat UK's biggest live service. VU BCM1896WC1N3XX
ham	Sorry, I guess whenever I can get a hold of my connections, maybe an hour or two? I'll text you
ham	Oops I was in the shower when u called. Hey a parking garage collapsed at university hospital. See I'm not crazy. Stuff like that DOES happen.
